"id","city_id","country_id","state_or_province_id","created_at","updated_at","region_id","township_id"
2,3,3,3,2017-09-19 03:24:37.841,2017-09-19 03:24:37.841,,
3,5,4,5,2017-09-20 01:47:05.177,2017-09-20 01:47:05.177,,
4,12,11,,2017-09-22 04:12:11.317,2017-09-22 04:12:11.317,1,
5,13,12,10,2017-09-22 23:07:04.955,2017-09-22 23:07:04.955,,
7,15,14,11,2017-09-22 23:42:56.117,2017-09-22 23:42:56.117,,
14,24,19,17,2017-09-23 00:20:01.636,2017-09-23 00:20:01.636,,
18,28,4,5,2017-09-23 00:35:40.914,2017-09-23 00:35:40.914,,
19,30,11,,2017-09-23 22:59:38.785,2017-09-23 22:59:38.785,6,
20,31,3,3,2017-09-27 16:41:12.553,2017-09-27 16:41:12.553,,
24,35,3,23,2017-09-28 20:35:58.301,2017-09-28 20:35:58.301,,
26,37,4,,2017-10-13 14:28:50.794,2017-10-13 14:28:50.794,9,
27,38,4,25,2017-10-13 14:42:10.702,2017-10-13 14:42:10.702,,
6,,13,,2017-09-22 23:38:38.708,2017-09-22 23:38:38.708,2,
10,,4,,2017-09-23 00:08:23.532,2017-09-23 00:08:23.532,3,
11,,11,,2017-09-23 00:09:19.169,2017-09-23 00:09:19.169,4,
12,,11,,2017-09-23 00:10:22.345,2017-09-23 00:10:22.345,5,
17,,3,20,2017-09-23 00:30:02.160,2017-09-23 00:30:02.160,,
21,,11,,2017-09-28 20:17:43.984,2017-09-28 20:17:43.984,7,
22,,3,,2017-09-28 20:23:00.852,2017-09-28 20:23:00.852,8,
23,,12,22,2017-09-28 20:31:51.844,2017-09-28 20:31:51.844,,
25,,18,24,2017-10-12 23:54:35.597,2017-10-12 23:54:35.597,,
28,,11,27,2017-10-13 15:26:32.255,2017-10-13 15:26:32.255,,
29,,20,28,2017-11-08 16:45:46.685,2017-11-08 16:45:46.685,,
30,,11,,2017-11-08 16:54:58.598,2017-11-08 16:54:58.598,10,
31,,21,,2017-11-10 02:55:24.947,2017-11-10 02:55:24.947,11,
32,43,3,,2017-11-10 03:02:39.321,2017-11-10 03:02:39.321,12,
33,44,4,5,2017-11-10 03:11:56.365,2017-11-10 03:11:56.365,,
34,45,13,29,2017-11-10 03:18:05.473,2017-11-10 03:18:05.473,,
35,,13,,2017-11-10 03:21:03.126,2017-11-10 03:21:03.126,13,
36,,19,,2017-11-10 03:24:40.694,2017-11-10 03:24:40.694,14,
37,46,16,30,2017-11-10 03:32:10.160,2017-11-10 03:32:10.160,,
38,,13,,2017-11-10 03:33:01.070,2017-11-10 03:33:01.070,15,
39,,16,,2017-11-10 03:38:43.548,2017-11-10 03:38:43.548,16,
40,47,4,5,2017-11-10 03:44:35.894,2017-11-10 03:44:35.894,,
41,,16,,2017-11-10 03:54:13.743,2017-11-10 03:54:13.743,17,
42,48,4,31,2017-11-10 04:00:57.580,2017-11-10 04:00:57.580,,
43,50,18,33,2017-11-15 02:46:30.515,2017-11-15 02:46:30.515,,
44,52,3,34,2017-11-15 21:57:13.835,2017-11-15 21:57:13.835,,
45,,4,35,2017-11-15 22:05:17.860,2017-11-15 22:05:17.860,,
46,53,22,36,2017-11-15 22:27:50.945,2017-11-15 22:27:50.945,,
47,54,17,37,2017-11-15 22:34:06.109,2017-11-15 22:34:06.109,,
48,55,17,38,2017-11-15 22:59:44.819,2017-11-15 22:59:44.819,,
49,56,11,,2017-11-16 23:32:44.089,2017-11-16 23:32:44.089,18,
50,57,18,,2017-11-16 23:34:31.781,2017-11-16 23:34:31.781,19,
51,58,13,39,2017-11-16 23:47:58.887,2017-11-16 23:47:58.887,,
52,59,23,40,2017-11-17 01:26:30.537,2017-11-17 01:26:30.537,,
53,60,19,41,2017-11-17 01:34:18.981,2017-11-17 01:34:18.981,,
54,61,14,42,2017-11-17 01:53:13.459,2017-11-17 01:53:13.459,,
8,,16,,2017-09-22 23:48:00.438,2017-09-22 23:48:00.438,,
9,,17,,2017-09-23 00:01:51.069,2017-09-23 00:01:51.069,,
13,,18,,2017-09-23 00:18:52.831,2017-09-23 00:18:52.831,,
15,,4,,2017-09-23 00:24:19.726,2017-09-23 00:24:19.726,,
16,,11,,2017-09-23 00:26:48.821,2017-09-23 00:26:48.821,,
1,,1,,2017-09-19 00:17:25.824,2017-09-19 00:17:25.824,,
55,62,16,30,2017-11-23 00:18:02.270,2017-11-23 00:18:02.270,,
56,63,4,5,2017-11-23 00:35:53.725,2017-11-23 00:35:53.725,,
57,64,11,43,2017-11-23 18:34:22.183,2017-11-23 18:34:22.183,20,
58,65,22,36,2017-11-23 18:45:05.031,2017-11-23 18:45:05.031,,
59,66,4,5,2017-11-23 19:56:37.696,2017-11-23 19:56:37.696,,
60,,14,44,2017-11-23 20:06:03.244,2017-11-23 20:06:03.244,,
61,68,11,45,2017-11-25 20:24:11.491,2017-11-25 20:24:11.491,,
62,69,13,29,2017-11-25 21:50:31.594,2017-11-25 21:50:31.594,,
63,,3,,2017-11-25 21:59:55.598,2017-11-25 21:59:55.598,,
64,,3,46,2017-11-25 22:02:59.555,2017-11-25 22:02:59.555,,
65,71,4,5,2017-11-30 23:37:12.807,2017-11-30 23:37:12.807,,
66,,24,,2017-11-30 23:48:59.717,2017-11-30 23:48:59.717,21,
67,,22,,2017-12-01 01:40:49.753,2017-12-01 01:40:49.753,22,
68,72,14,48,2017-12-01 02:26:27.014,2017-12-01 02:26:27.014,,
69,73,4,49,2017-12-01 02:34:41.088,2017-12-01 02:34:41.088,,
70,,23,50,2017-12-01 02:39:46.218,2017-12-01 02:39:46.218,,
71,,11,,2017-12-01 21:05:02.233,2017-12-01 21:05:02.233,20,
72,74,14,11,2017-12-01 23:20:01.738,2017-12-01 23:20:01.738,,
73,75,11,51,2017-12-01 23:32:51.407,2017-12-01 23:32:51.407,10,
74,76,16,52,2017-12-02 00:09:33.962,2017-12-02 00:09:33.962,,
75,77,11,53,2017-12-23 01:03:35.047,2017-12-23 01:03:35.047,,
77,79,17,55,2017-12-23 01:30:30.950,2017-12-23 01:30:30.950,,
78,80,14,56,2017-12-23 01:53:12.737,2017-12-23 01:53:12.737,,
79,81,11,57,2017-12-23 01:59:42.658,2017-12-23 01:59:42.658,,
80,82,11,27,2017-12-23 02:18:54.989,2017-12-23 02:18:54.989,,
81,83,11,53,2017-12-23 02:35:50.046,2017-12-23 02:35:50.046,,
82,84,22,36,2017-12-23 02:42:19.890,2017-12-23 02:42:19.890,,
83,85,13,39,2017-12-31 17:45:36.709,2017-12-31 17:45:36.709,,
84,,24,,2017-12-31 18:50:26.047,2017-12-31 18:50:26.047,,
85,88,11,58,2017-12-31 19:10:57.852,2017-12-31 19:10:57.852,10,
86,89,13,29,2017-12-31 19:21:39.116,2017-12-31 19:21:39.116,,
87,,3,34,2017-12-31 19:36:16.733,2017-12-31 19:36:16.733,,
88,90,17,59,2017-12-31 19:43:59.133,2017-12-31 19:43:59.133,,
89,,3,3,2017-12-31 19:57:43.713,2017-12-31 19:57:43.713,,
90,91,14,11,2017-12-31 20:02:03.606,2017-12-31 20:02:03.606,,
91,92,4,5,2017-12-31 20:08:58.528,2017-12-31 20:08:58.528,,
92,93,13,60,2017-12-31 20:15:08.990,2017-12-31 20:15:08.990,,
93,94,4,61,2018-01-01 23:32:42.181,2018-01-01 23:32:42.181,,
94,,25,,2018-01-02 01:37:32.397,2018-01-02 01:37:32.397,,
95,96,11,57,2018-01-09 02:42:33.173,2018-01-09 02:42:33.173,23,
96,,11,63,2018-01-09 02:53:19.969,2018-01-09 02:53:19.969,6,
97,,14,,2018-01-09 03:07:05.659,2018-01-09 03:07:05.659,,
98,,24,65,2018-05-17 18:39:25.843,2018-05-17 18:39:25.843,25,
99,97,23,50,2018-05-22 16:27:52.496,2018-05-22 16:27:52.496,27,
100,99,14,67,2018-05-23 13:57:54.389,2018-05-23 13:57:54.389,,
101,,14,68,2018-05-26 00:51:24.357,2018-05-26 00:51:24.357,,
102,100,16,,2018-05-26 01:08:42.313,2018-05-26 01:08:42.313,28,
103,101,11,53,2018-05-26 11:26:51.450,2018-05-26 11:26:51.450,23,
104,,11,53,2018-07-25 19:48:37.609,2018-07-25 19:48:37.609,29,
105,,13,69,2018-07-25 20:04:38.580,2018-07-25 20:04:38.580,30,
106,,19,41,2018-07-30 17:22:20.376,2018-07-30 17:22:20.376,,
109,,16,,2018-08-01 21:02:57.607,2018-08-01 21:02:57.607,33,
110,,3,,2018-08-06 21:30:04.821,2018-08-06 21:30:04.821,34,
111,,14,71,2018-08-06 23:28:41.315,2018-08-06 23:28:41.315,,1
76,,14,72,2017-12-23 01:10:15.980,2018-09-07 01:03:17.617,,
225,,32,,2018-10-05 12:42:53.460,2018-10-05 12:42:53.460,62,
232,,16,30,2018-10-07 04:33:26.147,2018-10-07 04:33:26.147,,34
112,102,14,72,2018-08-06 23:34:45.171,2018-08-06 23:34:45.171,,
113,103,11,73,2018-08-06 23:59:06.429,2018-08-06 23:59:06.429,35,2
114,104,11,,2018-08-07 00:11:27.386,2018-08-07 00:11:27.386,36,
115,105,16,30,2018-08-09 00:12:27.408,2018-08-09 00:12:27.408,37,
116,106,14,11,2018-08-09 00:37:03.360,2018-08-09 00:37:03.360,,
117,107,16,74,2018-08-09 14:41:19.074,2018-08-09 14:41:19.074,38,
118,,16,74,2018-08-09 14:41:45.761,2018-08-09 14:41:45.761,38,
119,,16,,2018-08-15 16:39:21.908,2018-08-15 16:39:21.908,39,
121,109,14,11,2018-08-15 17:34:12.055,2018-08-15 17:34:12.055,41,
122,111,13,75,2018-08-17 15:31:48.339,2018-08-17 15:31:48.339,15,
123,112,13,76,2018-08-17 15:32:18.050,2018-08-17 15:32:18.050,42,
124,,16,,2018-08-17 15:39:25.198,2018-08-17 15:39:25.198,43,
125,,13,,2018-08-17 15:59:43.135,2018-08-17 15:59:43.135,44,
126,113,11,,2018-08-17 16:23:39.084,2018-08-17 16:23:39.084,45,
127,,27,,2018-08-19 18:38:13.134,2018-08-19 18:38:13.134,46,
129,,17,,2018-08-20 15:51:49.816,2018-08-20 15:51:49.816,47,
130,,17,77,2018-08-21 17:10:05.377,2018-08-21 17:10:05.377,,3
131,,11,,2018-08-21 17:15:14.597,2018-08-21 17:15:14.597,48,
132,,14,11,2018-08-21 17:19:23.768,2018-08-21 17:19:23.768,,
133,,16,30,2018-08-22 17:43:21.053,2018-08-22 17:43:21.053,,
134,115,12,,2018-08-22 17:47:26.350,2018-08-22 17:47:26.350,,
135,116,11,,2018-08-23 18:20:09.031,2018-08-23 18:20:09.031,49,
136,,16,30,2018-08-23 18:35:09.421,2018-08-23 18:35:09.421,,4
137,117,11,,2018-08-24 16:35:26.291,2018-08-24 16:35:26.291,,
138,118,11,,2018-08-24 16:39:05.958,2018-08-24 16:39:05.958,,
139,,4,,2018-08-24 16:50:55.144,2018-08-24 16:50:55.144,50,
140,,4,,2018-08-27 21:22:07.486,2018-08-27 21:22:07.486,9,
141,,17,37,2018-08-27 21:33:27.104,2018-08-27 21:33:27.104,,
142,,28,,2018-08-27 23:02:27.634,2018-08-27 23:02:27.634,51,
143,,28,78,2018-08-27 23:06:58.476,2018-08-27 23:06:58.476,,
144,,16,79,2018-08-28 15:11:57.134,2018-08-28 15:11:57.134,,5
145,,11,,2018-08-28 15:39:47.297,2018-08-28 15:39:47.297,52,
146,119,23,,2018-08-28 15:58:38.899,2018-08-28 15:58:38.899,,
147,120,18,80,2018-08-28 18:45:39.433,2018-08-28 18:45:39.433,,
148,,4,,2018-08-30 18:54:26.842,2018-08-30 18:54:26.842,9,6
149,,4,5,2018-08-30 19:00:25.151,2018-08-30 19:00:25.151,,7
150,,11,,2018-08-30 19:23:22.221,2018-08-30 19:23:22.221,53,
151,,14,56,2018-08-30 19:28:15.403,2018-08-30 19:28:15.403,,8
152,,11,,2018-08-30 19:36:28.737,2018-08-30 19:36:28.737,36,
153,122,14,72,2018-08-30 19:40:34.210,2018-08-30 19:40:34.210,,
154,,13,69,2018-08-31 01:34:24.453,2018-08-31 01:34:24.453,54,
128,,11,,2018-08-20 15:09:19.951,2018-08-20 15:09:19.951,,
155,124,4,,2018-09-02 14:17:26.992,2018-09-02 14:17:26.992,,
156,,16,83,2018-09-03 22:58:35.089,2018-09-03 22:58:35.089,,9
157,,4,84,2018-09-04 14:38:23.860,2018-09-04 14:38:23.860,,
158,,4,85,2018-09-04 14:52:05.493,2018-09-04 14:52:05.493,,10
159,,17,,2018-09-04 15:10:05.062,2018-09-04 15:10:05.062,55,
160,,13,,2018-09-06 14:23:11.374,2018-09-06 14:23:11.374,56,
163,,23,,2018-09-06 15:04:38.458,2018-09-06 15:04:38.458,58,
164,,14,72,2018-09-07 01:00:37.206,2018-09-07 01:00:37.206,,12
165,126,30,,2018-09-07 13:02:01.250,2018-09-07 13:02:01.250,,
166,,4,,2018-09-08 15:14:51.705,2018-09-08 15:14:51.705,59,
167,127,14,,2018-09-08 15:24:48.358,2018-09-08 15:24:48.358,,
168,128,11,57,2018-09-08 15:36:47.319,2018-09-08 15:36:47.319,,
169,129,13,86,2018-09-08 16:02:48.820,2018-09-08 16:02:48.820,,
171,,13,,2018-09-09 16:02:27.396,2018-09-09 16:02:27.396,,
170,,13,,2018-09-09 16:00:57.561,2018-09-09 16:00:57.561,,
172,,14,71,2018-09-10 17:16:13.253,2018-09-10 17:16:13.253,,13
173,131,11,87,2018-09-13 01:49:56.454,2018-09-13 01:49:56.454,,
174,132,11,,2018-09-13 01:53:41.428,2018-09-13 01:53:41.428,,
175,133,13,69,2018-09-13 02:12:12.033,2018-09-13 02:12:12.033,,14
176,,13,69,2018-09-13 02:17:17.014,2018-09-13 02:17:17.014,,15
177,,19,,2018-09-13 15:49:39.195,2018-09-13 15:49:39.195,61,16
178,,19,,2018-09-13 15:55:15.514,2018-09-13 15:55:15.514,61,17
179,,19,,2018-09-15 00:35:29.501,2018-09-15 00:35:29.501,,
180,136,18,33,2018-09-15 00:43:05.143,2018-09-15 00:43:05.143,,
181,137,11,,2018-09-15 16:47:22.608,2018-09-15 16:47:22.608,,
182,,4,89,2018-09-15 17:00:03.629,2018-09-15 17:00:03.629,,18
183,,4,90,2018-09-15 17:18:56.643,2018-09-15 17:18:56.643,,19
184,,22,91,2018-09-15 17:48:20.618,2018-09-15 17:48:20.618,,20
185,,31,,2018-09-15 18:00:46.149,2018-09-15 18:00:46.149,,
186,138,31,92,2018-09-15 18:03:31.577,2018-09-15 18:03:31.577,,
187,139,11,,2018-09-15 20:24:47.247,2018-09-15 20:24:47.247,6,
188,,14,71,2018-09-15 21:06:44.843,2018-09-15 21:06:44.843,,
189,,32,93,2018-09-15 21:12:17.989,2018-09-15 21:12:17.989,62,
190,140,32,93,2018-09-15 21:16:43.276,2018-09-15 21:16:43.276,62,
191,,23,,2018-09-16 00:11:45.250,2018-09-16 00:11:45.250,,
192,,17,59,2018-09-16 00:30:09.971,2018-09-16 00:30:09.971,,21
193,,3,,2018-09-16 00:37:59.870,2018-09-16 00:37:59.870,63,
194,141,13,69,2018-09-16 23:01:17.955,2018-09-16 23:01:17.955,,14
195,142,11,94,2018-09-16 23:23:28.323,2018-09-16 23:23:28.323,6,
196,143,4,,2018-09-16 23:32:20.965,2018-09-16 23:32:20.965,,22
197,144,14,11,2018-09-16 23:36:52.147,2018-09-16 23:36:52.147,,
198,147,14,72,2018-09-17 00:22:31.838,2018-09-17 00:22:31.838,,
199,148,14,56,2018-09-17 03:11:07.725,2018-09-17 03:11:07.725,,
200,,16,,2018-09-19 21:52:23.987,2018-09-19 21:52:23.987,64,
201,150,14,,2018-09-19 22:09:14.849,2018-09-19 22:09:14.849,,
202,,11,,2018-09-19 22:12:28.360,2018-09-19 22:12:28.360,65,
203,,4,,2018-09-20 02:26:27.109,2018-09-20 02:26:27.109,,23
204,151,13,69,2018-09-20 23:14:39.849,2018-09-20 23:14:39.849,,24
205,152,13,29,2018-09-21 00:05:14.112,2018-09-21 00:05:14.112,,25
206,153,11,,2018-09-23 23:48:31.515,2018-09-23 23:48:31.515,23,
207,154,11,97,2018-09-23 23:48:58.824,2018-09-23 23:48:58.824,,
208,,14,,2018-09-23 23:55:23.506,2018-09-23 23:55:23.506,66,
209,155,11,98,2018-09-24 00:01:11.622,2018-09-24 00:01:11.622,,
210,,11,94,2018-09-25 00:51:56.018,2018-09-25 00:51:56.018,,26
211,156,11,99,2018-09-25 01:06:42.408,2018-09-25 01:06:42.408,6,
212,,4,5,2018-09-25 01:17:58.841,2018-09-25 01:17:58.841,,27
213,,27,,2018-09-26 01:04:44.036,2018-09-26 01:04:44.036,,
214,,18,24,2018-09-26 02:02:59.616,2018-09-26 02:02:59.616,,28
215,,27,100,2018-09-28 01:33:24.627,2018-09-28 01:33:24.627,67,
216,,14,42,2018-09-28 13:42:42.928,2018-09-28 13:42:42.928,,
217,160,4,101,2018-09-30 12:50:44.967,2018-09-30 12:50:44.967,,
218,,32,,2018-10-01 00:56:33.395,2018-10-01 00:56:33.395,68,
219,,13,39,2018-10-03 02:30:37.613,2018-10-03 02:30:37.613,69,
220,161,34,,2018-10-03 02:34:13.066,2018-10-03 02:34:13.066,70,
221,,22,,2018-10-03 14:20:09.004,2018-10-03 14:20:09.004,71,
222,,34,102,2018-10-04 02:14:06.710,2018-10-04 02:14:06.710,,29
223,,14,11,2018-10-05 01:28:05.824,2018-10-05 01:28:05.824,,30
224,,32,,2018-10-05 12:42:42.724,2018-10-05 12:42:42.724,,
226,,4,31,2018-10-07 03:12:19.386,2018-10-07 03:12:19.386,,31
227,,35,,2018-10-07 03:31:48.552,2018-10-07 03:31:48.552,72,
228,162,13,29,2018-10-07 03:49:48.422,2018-10-07 03:49:48.422,,
229,,14,11,2018-10-07 04:02:33.756,2018-10-07 04:02:33.756,,32
230,,22,103,2018-10-07 04:13:05.829,2018-10-07 04:13:05.829,,33
235,167,11,106,2018-10-07 15:20:10.359,2018-10-07 15:20:10.359,6,
830,522,13,233,2019-11-06 16:24:49.211,2019-11-06 16:24:49.211,,336
685,,3,,2019-08-06 19:06:26.773,2019-11-20 20:18:01.084,8,355
686,,3,,2019-08-06 19:07:54.965,2019-11-20 20:19:25.629,8,356
687,,3,,2019-08-06 19:10:21.967,2019-11-20 20:20:13.878,8,357
728,,3,,2019-09-10 14:46:20.277,2019-11-20 20:21:13.466,8,358
310,537,3,,2018-11-07 21:03:40.275,2019-11-20 20:22:25.840,8,
333,538,3,,2018-11-21 21:10:44.890,2019-11-20 20:23:04.869,8,
440,539,3,,2019-02-11 03:29:20.805,2019-11-20 20:23:45.259,8,
874,546,11,,2019-12-01 20:12:00.349,2019-12-01 20:12:00.349,35,371
899,,14,11,2019-12-13 21:29:23.069,2019-12-13 21:29:23.069,,389
902,,14,67,2019-12-18 14:59:01.568,2019-12-18 14:59:01.568,,392
929,,11,184,2020-01-14 18:11:41.011,2020-01-14 18:11:41.011,165,
934,,48,353,2020-01-15 19:52:26.573,2020-01-15 19:52:26.573,,
944,589,20,,2020-01-16 23:30:46.786,2020-01-16 23:30:46.786,,
961,599,11,364,2020-04-13 20:07:18.885,2020-04-13 20:07:18.885,45,
979,,11,371,2020-04-29 00:36:57.034,2020-04-29 00:36:57.034,,438
997,620,14,11,2020-05-13 14:41:37.139,2020-05-13 14:41:37.139,,447
1018,,11,184,2020-05-29 17:38:54.391,2020-05-29 17:38:54.391,,
1034,,18,33,2020-06-22 21:59:34.854,2020-06-22 21:59:34.854,,466
1040,636,12,385,2020-11-26 15:45:54.749,2020-11-26 15:45:54.749,180,
233,,23,50,2018-10-07 04:35:38.083,2018-10-07 04:35:38.083,,35
234,166,20,105,2018-10-07 04:38:40.588,2018-10-07 04:38:40.588,,36
236,168,3,3,2018-10-08 12:29:30.834,2018-10-08 12:29:30.834,,
237,,3,,2018-10-09 23:30:37.717,2018-10-09 23:30:37.717,73,
238,169,18,33,2018-10-10 13:07:00.261,2018-10-10 13:07:00.261,,
239,,18,,2018-10-10 13:29:01.767,2018-10-10 13:29:01.767,74,
240,,22,107,2018-10-10 14:01:56.244,2018-10-10 14:01:56.244,,37
241,,17,108,2018-10-10 14:16:54.577,2018-10-10 14:16:54.577,,38
242,,17,109,2018-10-10 14:26:30.677,2018-10-10 14:26:30.677,,39
243,170,22,91,2018-10-10 14:43:48.385,2018-10-10 14:43:48.385,,
244,,14,,2018-10-11 02:59:21.489,2018-10-11 02:59:21.489,75,
245,172,13,111,2018-10-13 02:23:13.523,2018-10-13 02:23:13.523,,
246,173,13,29,2018-10-13 02:29:50.461,2018-10-13 02:29:50.461,,
247,174,3,46,2018-10-13 02:50:16.665,2018-10-13 02:50:16.665,,
248,,19,112,2018-10-13 03:01:42.860,2018-10-13 03:01:42.860,,40
249,175,11,113,2018-10-13 03:30:40.539,2018-10-13 03:30:40.539,6,
250,177,11,106,2018-10-17 13:36:21.272,2018-10-17 13:36:21.272,,
251,178,23,,2018-10-17 13:43:24.519,2018-10-17 13:43:24.519,27,
252,179,20,,2018-10-17 13:47:53.164,2018-10-17 13:47:53.164,76,
253,180,14,,2018-10-17 13:56:05.968,2018-10-17 13:56:05.968,77,
254,,14,72,2018-10-17 14:10:56.689,2018-10-17 14:10:56.689,,41
255,181,14,67,2018-10-17 14:27:01.737,2018-10-17 14:27:01.737,,42
256,,4,31,2018-10-17 14:55:14.531,2018-10-17 14:55:14.531,,43
257,182,19,114,2018-10-17 15:03:33.787,2018-10-17 15:03:33.787,,44
258,183,4,5,2018-10-17 16:05:24.443,2018-10-17 16:05:24.443,,45
259,,22,107,2018-10-17 17:18:43.207,2018-10-17 17:18:43.207,,46
260,,11,,2018-10-19 13:04:47.901,2018-10-19 13:04:47.901,78,
261,,11,115,2018-10-19 13:17:35.212,2018-10-19 13:17:35.212,35,
262,,19,116,2018-10-20 20:47:07.645,2018-10-20 20:47:07.645,,47
263,,14,72,2018-10-21 01:19:27.236,2018-10-21 01:19:27.236,,48
264,185,14,42,2018-10-21 19:04:55.323,2018-10-21 19:04:55.323,,49
265,,11,117,2018-10-21 23:54:23.380,2018-10-21 23:54:23.380,79,
266,186,20,118,2018-10-22 00:02:10.882,2018-10-22 00:02:10.882,,
267,,23,40,2018-10-22 00:13:35.398,2018-10-22 00:13:35.398,80,
268,,30,119,2018-10-22 00:18:46.022,2018-10-22 00:18:46.022,,50
269,,14,56,2018-10-22 00:40:06.500,2018-10-22 00:40:06.500,,51
270,,30,119,2018-10-22 02:09:39.982,2018-10-22 02:09:39.982,,
271,188,14,56,2018-10-24 13:44:58.206,2018-10-24 13:44:58.206,,
272,189,19,116,2018-10-24 17:06:39.969,2018-10-24 17:06:39.969,,52
273,,14,120,2018-10-24 17:55:58.910,2018-10-24 17:55:58.910,,53
274,,22,121,2018-10-24 18:03:14.831,2018-10-24 18:03:14.831,,54
275,,22,,2018-10-24 23:52:09.847,2018-10-24 23:52:09.847,,
276,,22,103,2018-10-25 00:21:41.120,2018-10-25 00:21:41.120,,
277,,14,56,2018-10-25 00:59:19.441,2018-10-25 00:59:19.441,,55
278,,31,122,2018-10-25 01:10:14.330,2018-10-25 01:10:14.330,81,
279,,14,72,2018-10-25 01:52:55.059,2018-10-25 01:52:55.059,,56
280,190,11,,2018-10-25 02:07:27.827,2018-10-25 02:07:27.827,82,
281,191,19,123,2018-10-25 02:46:11.537,2018-10-25 02:46:11.537,,
831,,23,,2019-11-08 19:28:22.017,2019-11-08 19:28:22.017,133,
284,195,13,,2018-10-26 12:25:03.960,2018-10-26 12:25:03.960,85,
285,196,19,,2018-10-26 12:33:16.834,2018-10-26 12:33:16.834,86,
286,197,14,72,2018-10-30 22:37:24.499,2018-10-30 22:37:24.499,,
287,199,14,125,2018-10-30 22:54:07.652,2018-10-30 22:54:07.652,,
288,,11,,2018-10-31 13:38:17.174,2018-10-31 13:38:17.174,87,
289,,34,102,2018-10-31 14:08:44.816,2018-10-31 14:08:44.816,,57
290,202,34,102,2018-10-31 14:12:08.762,2018-10-31 14:12:08.762,,57
291,,13,29,2018-10-31 14:25:24.894,2018-10-31 14:25:24.894,,58
292,,12,,2018-10-31 15:01:35.315,2018-10-31 15:01:35.315,,
293,203,22,36,2018-10-31 15:23:14.118,2018-10-31 15:23:14.118,,59
294,,14,11,2018-10-31 15:35:02.735,2018-10-31 15:35:02.735,,60
296,205,14,71,2018-10-31 16:30:27.078,2018-10-31 16:30:27.078,,
297,,14,72,2018-10-31 19:03:52.754,2018-10-31 19:03:52.754,,62
298,,39,127,2018-11-02 14:37:46.683,2018-11-02 14:37:46.683,,
299,206,13,29,2018-11-03 18:46:40.195,2018-11-03 18:46:40.195,,
300,207,40,128,2018-11-03 23:05:50.936,2018-11-03 23:05:50.936,,
301,,19,112,2018-11-05 02:18:42.643,2018-11-05 02:18:42.643,,
302,,22,107,2018-11-05 02:42:37.127,2018-11-05 02:42:37.127,,
303,,14,,2018-11-05 17:40:10.793,2018-11-05 17:40:10.793,88,
304,47,4,5,2018-11-06 04:04:53.738,2018-11-06 04:04:53.738,,63
305,,19,123,2018-11-06 22:17:28.597,2018-11-06 22:17:28.597,,
306,,23,,2018-11-07 13:50:09.432,2018-11-07 13:50:09.432,89,
307,209,13,69,2018-11-07 19:04:16.714,2018-11-07 19:04:16.714,,64
308,,16,30,2018-11-07 19:39:05.580,2018-11-07 19:39:05.580,,65
309,210,13,29,2018-11-07 20:56:25.694,2018-11-07 20:56:25.694,42,
311,212,11,,2018-11-07 21:13:40.146,2018-11-07 21:13:40.146,90,
312,,4,129,2018-11-07 21:16:32.975,2018-11-07 21:16:32.975,,66
313,213,11,,2018-11-10 16:58:44.193,2018-11-10 16:58:44.193,35,
314,214,19,116,2018-11-13 01:54:12.486,2018-11-13 01:54:12.486,,52
315,215,4,5,2018-11-13 02:03:57.255,2018-11-13 02:03:57.255,,45
316,216,24,,2018-11-13 02:29:21.786,2018-11-13 02:29:21.786,,
317,,32,130,2018-11-13 02:56:22.142,2018-11-13 02:56:22.142,,67
318,,41,,2018-11-13 03:06:40.416,2018-11-13 03:06:40.416,91,
319,,11,131,2018-11-13 03:55:15.583,2018-11-13 03:55:15.583,82,
320,,39,127,2018-11-13 04:10:55.376,2018-11-13 04:10:55.376,,68
321,217,18,,2018-11-14 16:55:07.152,2018-11-14 16:55:07.152,,
322,,11,,2018-11-14 17:14:23.762,2018-11-14 17:14:23.762,92,
323,218,14,,2018-11-14 18:09:49.853,2018-11-14 18:09:49.853,,
324,219,4,,2018-11-15 01:48:12.284,2018-11-15 01:48:12.284,,
325,220,11,,2018-11-15 03:51:47.135,2018-11-15 03:51:47.135,82,
326,221,4,5,2018-11-17 15:07:12.877,2018-11-17 15:07:12.877,,69
327,223,18,24,2018-11-18 21:17:12.302,2018-11-18 21:17:12.302,,70
328,224,11,,2018-11-18 21:45:02.706,2018-11-18 21:45:02.706,10,
329,,22,132,2018-11-19 00:54:27.555,2018-11-19 00:54:27.555,,
330,,22,91,2018-11-19 00:56:21.717,2018-11-19 00:56:21.717,,71
331,,11,133,2018-11-21 01:21:00.205,2018-11-21 01:21:00.205,93,
332,225,11,106,2018-11-21 20:42:34.275,2018-11-21 20:42:34.275,6,
334,227,3,34,2018-11-21 21:16:11.684,2018-11-21 21:16:11.684,,
335,228,14,11,2018-11-21 21:24:59.750,2018-11-21 21:24:59.750,,
336,229,11,106,2018-11-21 21:27:17.089,2018-11-21 21:27:17.089,6,
337,230,11,97,2018-11-21 22:28:37.214,2018-11-21 22:28:37.214,,72
338,,16,,2018-11-23 13:23:46.590,2018-11-23 13:23:46.590,,73
339,231,19,,2018-11-23 13:28:50.095,2018-11-23 13:28:50.095,,
340,,22,121,2018-11-23 13:43:41.629,2018-11-23 13:43:41.629,,
295,204,11,73,2018-10-31 16:18:32.912,2019-11-20 14:19:26.372,35,2
345,236,13,111,2018-11-30 13:59:24.455,2018-11-30 13:59:24.455,,
347,238,30,119,2018-12-01 22:07:55.720,2018-12-01 22:07:55.720,,
365,,22,103,2018-12-09 01:10:10.493,2018-12-09 01:10:10.493,,81
371,,3,3,2018-12-17 16:42:28.325,2018-12-17 16:42:28.325,97,83
377,,43,,2018-12-20 17:55:59.657,2018-12-20 17:55:59.657,,85
832,,23,,2019-11-08 19:28:54.301,2019-11-08 19:28:54.301,155,
835,,16,30,2019-11-08 22:06:59.101,2019-11-08 22:06:59.101,,339
162,,11,73,2018-09-06 14:59:37.373,2019-11-20 14:16:10.881,35,2
578,,11,73,2019-05-17 17:42:06.196,2019-11-20 14:19:26.357,35,2
875,,4,313,2019-12-01 20:30:33.745,2019-12-01 20:30:33.745,,372
901,557,3,338,2019-12-15 21:56:36.646,2019-12-15 21:56:36.646,,391
903,,19,114,2019-12-18 15:30:27.283,2019-12-18 15:30:27.283,,393
904,,14,42,2019-12-18 16:02:07.809,2019-12-18 16:02:07.809,,394
906,563,22,107,2019-12-19 15:08:21.899,2019-12-19 15:08:21.899,,95
910,568,11,73,2019-12-19 19:22:53.461,2019-12-19 19:22:53.461,35,244
930,,11,184,2020-01-14 18:12:20.545,2020-01-14 18:12:20.545,,410
931,,11,184,2020-01-14 18:24:34.187,2020-01-14 18:24:34.187,,411
943,588,23,,2020-01-16 20:48:10.850,2020-01-16 20:48:10.850,,418
962,,11,155,2020-04-14 15:20:56.801,2020-04-14 15:20:56.801,79,
980,,16,30,2020-04-29 01:13:53.485,2020-04-29 01:13:53.485,,439
998,,12,10,2020-05-13 15:16:06.651,2020-05-13 15:16:06.651,,448
1019,627,11,376,2020-05-31 20:47:34.039,2020-05-31 20:47:34.039,79,459
1035,,27,100,2020-06-23 16:40:00.151,2020-06-23 16:40:00.151,,338
1041,,18,386,2020-12-02 15:31:18.555,2020-12-02 15:31:18.555,74,
343,,12,135,2018-11-28 18:02:17.708,2018-11-28 18:02:17.708,,75
833,,18,24,2019-11-08 19:41:24.032,2019-11-08 19:41:24.032,,337
351,241,23,,2018-12-01 23:26:59.131,2018-12-01 23:26:59.131,,
372,254,3,3,2018-12-17 16:42:58.201,2018-12-17 16:42:58.201,,
374,,17,37,2018-12-20 00:57:22.515,2018-12-20 00:57:22.515,,84
855,,14,72,2019-11-20 15:00:38.380,2019-11-20 15:00:38.380,,352
342,541,3,,2018-11-28 15:18:54.379,2019-11-20 20:27:46.167,8,359
876,,23,330,2019-12-01 21:22:59.075,2019-12-01 21:22:59.075,,
905,,11,181,2019-12-18 18:20:26.791,2019-12-18 18:20:26.791,79,395
907,564,11,73,2019-12-19 15:24:25.323,2019-12-19 15:24:25.323,35,396
932,,35,352,2020-01-14 19:01:26.557,2020-01-14 19:01:26.557,,412
945,,14,67,2020-01-17 18:35:00.724,2020-01-17 18:35:00.724,,419
949,,23,137,2020-01-17 22:38:08.853,2020-01-17 22:38:08.853,133,422
950,,11,361,2020-01-17 22:51:24.157,2020-01-17 22:51:24.157,6,423
963,,14,42,2020-04-14 16:53:23.522,2020-04-14 16:53:23.522,,428
981,615,11,155,2020-04-29 02:31:00.825,2020-04-29 02:31:00.825,79,298
999,,16,30,2020-05-13 15:38:55.673,2020-05-13 15:38:55.673,,449
1000,,16,30,2020-05-13 15:39:11.405,2020-05-13 15:39:11.405,,450
1020,628,14,377,2020-05-31 21:10:29.519,2020-05-31 21:10:29.519,176,
1036,633,23,,2020-06-23 19:58:37.048,2020-06-23 19:58:37.048,27,
1037,634,23,,2020-06-23 19:59:14.504,2020-06-23 19:59:14.504,27,
1042,,22,259,2020-12-07 00:01:06.287,2020-12-07 00:01:06.287,,468
346,237,30,119,2018-12-01 22:04:26.299,2018-12-01 22:04:26.299,,
357,243,11,73,2018-12-05 15:35:56.696,2018-12-05 15:35:56.696,,
359,245,13,29,2018-12-08 16:01:53.323,2018-12-08 16:01:53.323,,
369,251,20,138,2018-12-12 02:28:16.814,2018-12-12 02:28:16.814,,
380,258,11,106,2018-12-22 21:37:41.863,2018-12-22 21:37:41.863,6,86
834,527,27,100,2019-11-08 21:49:36.784,2019-11-08 21:49:36.784,,338
856,,4,5,2019-11-20 15:28:28.753,2019-11-20 15:28:28.753,,353
858,,31,320,2019-11-20 18:33:31.490,2019-11-20 18:33:31.490,156,
354,542,3,,2018-12-04 01:47:47.375,2019-11-20 20:29:25.530,8,
877,547,23,180,2019-12-04 17:19:00.938,2019-12-04 17:19:00.938,27,373
882,,14,11,2019-12-04 19:37:03.672,2019-12-04 19:37:03.672,,376
908,,22,107,2019-12-19 15:37:14.255,2019-12-19 15:37:14.255,,397
909,565,4,5,2019-12-19 16:11:15.170,2019-12-19 16:11:15.170,,398
933,583,39,127,2020-01-14 20:14:14.679,2020-01-14 20:14:14.679,,
937,,32,356,2020-01-15 20:06:52.069,2020-01-15 20:06:52.069,166,413
946,,3,34,2020-01-17 18:51:14.279,2020-01-17 18:51:14.279,,420
948,,14,125,2020-01-17 20:55:13.234,2020-01-17 20:55:13.234,,421
964,610,14,72,2020-04-15 19:08:13.657,2020-04-15 19:08:13.657,,41
982,,4,226,2020-04-29 14:50:03.507,2020-04-29 14:50:03.507,,440
1001,621,4,5,2020-05-15 19:38:29.169,2020-05-15 19:38:29.169,,45
1002,622,4,5,2020-05-15 19:39:39.663,2020-05-15 19:39:39.663,9,45
1021,629,27,,2020-05-31 22:01:11.649,2020-05-31 22:01:11.649,131,
1038,635,11,99,2020-09-12 22:36:44.118,2020-09-12 22:36:44.118,6,467
1039,,11,,2020-09-12 22:37:22.535,2020-09-12 22:37:22.535,179,
348,239,30,119,2018-12-01 22:08:27.365,2018-12-01 22:08:27.365,,
356,,17,37,2018-12-05 14:52:55.519,2018-12-05 14:52:55.519,,78
360,246,3,3,2018-12-08 16:16:53.089,2018-12-08 16:16:53.089,,
363,249,13,69,2018-12-08 18:46:02.289,2018-12-08 18:46:02.289,44,79
364,,4,136,2018-12-08 19:28:20.908,2018-12-08 19:28:20.908,,80
379,,24,140,2018-12-20 18:12:19.588,2018-12-20 18:12:19.588,,
836,,4,308,2019-11-13 15:51:40.101,2019-11-13 15:51:40.101,,340
857,,11,73,2019-11-20 16:20:47.014,2019-11-20 16:20:47.014,35,354
861,,27,,2019-11-22 00:12:14.325,2019-11-22 00:12:14.325,131,
878,,16,30,2019-12-04 17:33:21.514,2019-12-04 17:33:21.514,,374
879,,14,42,2019-12-04 18:08:25.505,2019-12-04 18:08:25.505,,375
884,549,19,114,2019-12-05 03:02:41.295,2019-12-05 03:02:41.295,,44
911,,65,,2019-12-27 23:12:28.164,2019-12-27 23:12:28.164,163,
935,,48,354,2020-01-15 19:52:32.159,2020-01-15 19:52:32.159,,
965,611,13,365,2020-04-15 19:20:19.316,2020-04-15 19:20:19.316,169,429
983,,12,204,2020-04-29 16:55:32.856,2020-04-29 16:55:32.856,,
984,,12,204,2020-04-29 16:59:16.810,2020-04-29 16:59:16.810,,441
1003,466,14,11,2020-05-15 19:50:26.724,2020-05-15 19:50:26.724,,60
1022,630,32,378,2020-05-31 22:20:27.850,2020-05-31 22:20:27.850,62,
349,,30,119,2018-12-01 22:11:45.184,2018-12-01 22:11:45.184,,76
353,,11,,2018-12-04 01:21:36.152,2018-12-04 01:21:36.152,95,
837,,11,94,2019-11-13 16:33:35.731,2019-11-13 16:33:35.731,6,341
859,,18,321,2019-11-21 00:53:38.050,2019-11-21 00:53:38.050,157,
880,,23,180,2019-12-04 18:34:29.958,2019-12-04 18:34:29.958,27,373
885,,16,30,2019-12-05 03:20:36.066,2019-12-05 03:20:36.066,,377
912,570,15,345,2019-12-27 23:49:07.627,2019-12-27 23:49:07.627,,399
936,,48,355,2020-01-15 19:52:36.899,2020-01-15 19:52:36.899,,
938,584,40,357,2020-01-15 21:28:58.126,2020-01-15 21:28:58.126,167,414
947,,24,360,2020-01-17 18:55:52.435,2020-01-17 18:55:52.435,,
966,,31,,2020-04-15 19:32:38.309,2020-04-15 19:32:38.309,170,
985,,11,106,2020-04-29 17:25:14.226,2020-04-29 17:25:14.226,6,442
1004,623,18,80,2020-05-15 20:09:15.250,2020-05-15 20:09:15.250,,
1023,631,31,379,2020-05-31 22:55:13.139,2020-05-31 22:55:13.139,177,
350,240,4,25,2018-12-01 22:57:33.305,2018-12-01 22:57:33.305,,
352,,4,,2018-12-04 01:13:58.258,2018-12-04 01:13:58.258,,77
355,,39,,2018-12-05 14:14:54.938,2018-12-05 14:14:54.938,,
358,244,13,29,2018-12-05 15:55:37.888,2018-12-05 15:55:37.888,,
362,248,11,106,2018-12-08 18:38:06.385,2018-12-08 18:38:06.385,6,
366,,17,59,2018-12-10 06:42:01.802,2018-12-10 06:42:01.802,96,
367,,17,59,2018-12-10 06:42:21.143,2018-12-10 06:42:21.143,,
368,,23,137,2018-12-10 22:30:50.647,2018-12-10 22:30:50.647,,82
370,252,42,139,2018-12-12 02:36:10.276,2018-12-12 02:36:10.276,,
373,,14,,2018-12-19 17:50:19.112,2018-12-19 17:50:19.112,98,
375,255,4,31,2018-12-20 14:21:00.185,2018-12-20 14:21:00.185,,
376,,28,,2018-12-20 14:32:05.465,2018-12-20 14:32:05.465,,
378,257,16,52,2018-12-20 18:08:16.352,2018-12-20 18:08:16.352,,
838,,32,309,2019-11-13 18:15:46.797,2019-11-13 18:15:46.797,,342
860,,14,175,2019-11-21 00:59:34.241,2019-11-21 00:59:34.241,,363
862,,18,322,2019-11-22 00:31:32.008,2019-11-22 00:31:32.008,158,
881,,14,42,2019-12-04 19:36:32.040,2019-12-04 19:36:32.040,,134
913,,3,347,2020-01-01 20:27:31.010,2020-01-01 20:27:31.010,,400
914,,13,69,2020-01-01 20:47:25.519,2020-01-01 20:47:25.519,,401
951,592,11,73,2020-01-24 00:15:41.421,2020-01-24 00:15:41.421,35,2
967,,27,366,2020-04-15 19:59:43.505,2020-04-15 19:59:43.505,131,
986,616,16,30,2020-05-03 20:54:15.312,2020-05-03 20:54:15.312,152,
1005,,14,125,2020-05-15 20:37:57.257,2020-05-15 20:37:57.257,,451
1006,,14,42,2020-05-15 20:38:41.316,2020-05-15 20:38:41.316,,452
1024,632,11,380,2020-05-31 23:33:25.755,2020-05-31 23:33:25.755,10,
361,247,16,30,2018-12-08 18:11:15.253,2018-12-08 18:11:15.253,39,
381,259,24,140,2019-01-02 18:08:35.721,2019-01-02 18:08:35.721,,87
382,,24,140,2019-01-02 18:11:56.906,2019-01-02 18:11:56.906,99,87
383,,14,67,2019-01-02 19:17:42.034,2019-01-02 19:17:42.034,,
384,,16,30,2019-01-03 01:45:28.554,2019-01-03 01:45:28.554,,88
385,,16,,2019-01-03 21:25:20.088,2019-01-03 21:25:20.088,37,
386,261,25,142,2019-01-04 01:09:09.559,2019-01-04 01:09:09.559,,89
387,,14,125,2019-01-07 02:31:34.642,2019-01-07 02:31:34.642,,90
388,,25,143,2019-01-07 02:52:11.076,2019-01-07 02:52:11.076,100,
389,262,31,144,2019-01-07 02:57:15.266,2019-01-07 02:57:15.266,,
390,,11,,2019-01-07 03:24:32.332,2019-01-07 03:24:32.332,45,91
391,,11,,2019-01-07 03:25:00.897,2019-01-07 03:25:00.897,45,92
392,,4,145,2019-01-07 03:29:08.527,2019-01-07 03:29:08.527,,93
393,263,14,11,2019-01-08 17:53:12.568,2019-01-08 17:53:12.568,,
394,,13,146,2019-01-09 02:17:32.478,2019-01-09 02:17:32.478,,
395,268,3,,2019-01-12 14:10:07.194,2019-01-12 14:10:07.194,,94
396,269,22,107,2019-01-12 14:18:12.777,2019-01-12 14:18:12.777,,95
397,271,12,22,2019-01-12 14:33:24.492,2019-01-12 14:33:24.492,,
398,272,17,55,2019-01-15 02:19:22.435,2019-01-15 02:19:22.435,,
399,,3,153,2019-01-16 13:46:05.665,2019-01-16 13:46:05.665,8,
400,,22,103,2019-01-17 02:36:06.338,2019-01-17 02:36:06.338,,96
401,275,11,155,2019-01-17 02:47:50.336,2019-01-17 02:47:50.336,,97
402,,19,156,2019-01-17 02:56:59.123,2019-01-17 02:56:59.123,,98
403,,3,,2019-01-18 01:39:11.434,2019-01-18 01:39:11.434,101,
404,277,14,72,2019-01-19 15:01:54.956,2019-01-19 15:01:54.956,,
405,,24,157,2019-01-19 15:25:32.931,2019-01-19 15:25:32.931,,99
406,278,14,48,2019-01-19 15:37:59.448,2019-01-19 15:37:59.448,,100
407,279,14,11,2019-01-21 00:13:08.733,2019-01-21 00:13:08.733,,
408,,19,114,2019-01-21 00:22:57.670,2019-01-21 00:22:57.670,,101
409,,19,114,2019-01-21 00:23:33.252,2019-01-21 00:23:33.252,,44
410,,23,158,2019-01-21 01:19:13.094,2019-01-21 01:19:13.094,27,102
411,,18,159,2019-01-21 01:49:22.460,2019-01-21 01:49:22.460,,103
412,,17,160,2019-01-21 01:55:21.939,2019-01-21 01:55:21.939,,104
413,280,14,72,2019-01-21 02:19:26.491,2019-01-21 02:19:26.491,,
414,,24,161,2019-01-22 04:27:14.985,2019-01-22 04:27:14.985,102,105
415,284,30,163,2019-01-23 01:11:22.480,2019-01-23 01:11:22.480,,
416,285,4,5,2019-01-23 01:19:22.251,2019-01-23 01:19:22.251,,45
417,286,14,72,2019-01-23 01:38:52.005,2019-01-23 01:38:52.005,,
418,,47,,2019-01-23 03:04:13.370,2019-01-23 03:04:13.370,103,
419,,47,164,2019-01-23 03:21:10.090,2019-01-23 03:21:10.090,104,
420,,24,161,2019-01-24 02:38:40.073,2019-01-24 02:38:40.073,,106
421,,32,166,2019-01-24 21:36:47.107,2019-01-24 21:36:47.107,,107
422,,14,72,2019-01-24 21:41:23.383,2019-01-24 21:41:23.383,,108
423,,4,,2019-01-25 13:43:47.874,2019-01-25 13:43:47.874,105,
424,,4,,2019-01-25 13:48:08.834,2019-01-25 13:48:08.834,106,
425,288,12,22,2019-01-25 20:42:17.723,2019-01-25 20:42:17.723,,
426,,12,167,2019-01-30 00:11:25.939,2019-01-30 00:11:25.939,,
427,,14,,2019-01-30 14:00:32.613,2019-01-30 14:00:32.613,107,
428,,4,,2019-01-30 14:21:37.694,2019-01-30 14:21:37.694,,109
429,,19,,2019-01-30 14:38:42.508,2019-01-30 14:38:42.508,108,
430,290,24,140,2019-01-31 14:57:57.516,2019-01-31 14:57:57.516,,87
431,,27,168,2019-02-03 16:51:47.168,2019-02-03 16:51:47.168,109,110
432,291,11,73,2019-02-03 17:02:00.844,2019-02-03 17:02:00.844,,111
433,292,16,30,2019-02-03 17:13:42.372,2019-02-03 17:13:42.372,,
434,,3,,2019-02-06 13:40:56.170,2019-02-06 13:40:56.170,110,
435,293,3,169,2019-02-06 15:54:45.484,2019-02-06 15:54:45.484,,
436,,24,,2019-02-06 18:29:37.298,2019-02-06 18:29:37.298,111,
437,294,11,170,2019-02-08 00:45:00.712,2019-02-08 00:45:00.712,6,
438,295,14,71,2019-02-11 03:08:43.422,2019-02-11 03:08:43.422,,
439,,47,171,2019-02-11 03:21:12.344,2019-02-11 03:21:12.344,,112
441,,27,172,2019-02-13 01:08:09.177,2019-02-13 01:08:09.177,46,
442,,4,31,2019-02-13 01:12:00.626,2019-02-13 01:12:00.626,,113
443,,23,173,2019-02-13 01:40:50.975,2019-02-13 01:40:50.975,,114
444,,14,48,2019-02-13 14:21:12.926,2019-02-13 14:21:12.926,,115
445,297,22,36,2019-02-13 17:18:04.682,2019-02-13 17:18:04.682,,
446,298,4,145,2019-02-13 18:29:04.275,2019-02-13 18:29:04.275,,
447,,25,,2019-02-20 14:09:50.373,2019-02-20 14:09:50.373,112,
448,299,12,22,2019-02-20 14:25:20.932,2019-02-20 14:25:20.932,,
449,,24,,2019-02-20 14:44:10.189,2019-02-20 14:44:10.189,113,
450,300,11,51,2019-02-22 00:08:06.760,2019-02-22 00:08:06.760,,
451,301,19,41,2019-02-22 03:13:56.113,2019-02-22 03:13:56.113,,116
452,302,19,41,2019-02-22 03:25:37.586,2019-02-22 03:25:37.586,,116
453,303,19,41,2019-02-24 23:13:37.242,2019-02-24 23:13:37.242,,117
454,,19,41,2019-02-24 23:30:50.067,2019-02-24 23:30:50.067,,117
455,162,13,29,2019-02-25 14:46:27.820,2019-02-25 14:46:27.820,,25
456,304,22,36,2019-02-25 14:54:02.805,2019-02-25 14:54:02.805,,118
457,305,3,3,2019-02-25 17:47:03.997,2019-02-25 17:47:03.997,,
458,306,11,97,2019-02-25 17:56:22.225,2019-02-25 17:56:22.225,79,119
459,307,24,161,2019-02-26 21:04:27.575,2019-02-26 21:04:27.575,,120
460,,43,,2019-02-27 13:45:53.428,2019-02-27 13:45:53.428,114,
461,308,43,,2019-02-27 13:47:45.674,2019-02-27 13:47:45.674,114,
462,,43,,2019-02-27 13:51:15.691,2019-02-27 13:51:15.691,115,
463,309,14,11,2019-02-27 14:52:15.098,2019-02-27 14:52:15.098,,30
464,310,23,174,2019-02-27 14:56:58.358,2019-02-27 14:56:58.358,116,
465,311,14,,2019-03-01 19:38:14.263,2019-03-01 19:38:14.263,117,
466,,14,72,2019-03-02 14:45:34.924,2019-03-02 14:45:34.924,,121
467,312,22,91,2019-03-03 19:09:11.377,2019-03-03 19:09:11.377,,122
468,313,14,11,2019-03-04 16:16:25.597,2019-03-04 16:16:25.597,,
469,,3,,2019-03-04 16:43:33.358,2019-03-04 16:43:33.358,118,
470,314,14,42,2019-03-04 18:14:09.983,2019-03-04 18:14:09.983,,123
471,315,14,11,2019-03-05 21:18:10.245,2019-03-05 21:18:10.245,,
472,316,14,,2019-03-06 14:38:21.340,2019-03-06 14:38:21.340,119,
473,317,14,,2019-03-06 14:50:13.181,2019-03-06 14:50:13.181,119,
474,318,22,,2019-03-06 15:20:25.827,2019-03-06 15:20:25.827,,
475,319,22,,2019-03-06 15:21:10.998,2019-03-06 15:21:10.998,,
476,,12,,2019-03-06 21:46:35.687,2019-03-06 21:46:35.687,120,
477,320,14,11,2019-03-06 22:43:18.790,2019-03-06 22:43:18.790,,124
478,321,11,,2019-03-07 03:23:06.721,2019-03-07 03:23:06.721,10,
479,,14,175,2019-03-08 03:37:30.843,2019-03-08 03:37:30.843,,125
480,322,25,176,2019-03-08 04:12:14.525,2019-03-08 04:12:14.525,,126
481,,23,177,2019-03-08 04:18:48.699,2019-03-08 04:18:48.699,121,
482,,25,178,2019-03-08 13:58:37.885,2019-03-08 13:58:37.885,,127
483,,11,179,2019-03-08 23:09:48.552,2019-03-08 23:09:48.552,,
484,,18,33,2019-03-10 18:56:37.562,2019-03-10 18:56:37.562,,128
485,,23,180,2019-03-12 00:44:03.925,2019-03-12 00:44:03.925,27,129
486,323,11,181,2019-03-13 13:04:22.819,2019-03-13 13:04:22.819,,
487,,16,30,2019-03-15 00:22:25.578,2019-03-15 00:22:25.578,,130
495,,16,74,2019-03-18 15:56:02.814,2019-03-18 15:56:02.814,,133
283,,13,,2018-10-26 12:24:31.699,2019-11-14 03:34:47.718,85,
863,,11,323,2019-11-22 14:55:34.693,2019-11-22 14:55:34.693,6,
866,,4,61,2019-11-22 17:10:34.467,2019-11-22 17:10:34.467,,366
883,548,24,140,2019-12-04 23:10:10.554,2019-12-04 23:10:10.554,,368
915,572,32,93,2020-01-01 21:50:54.475,2020-01-01 21:50:54.475,62,
952,593,20,261,2020-02-20 23:33:02.381,2020-02-20 23:33:02.381,,
968,612,13,69,2020-04-15 20:10:49.460,2020-04-15 20:10:49.460,,430
987,617,24,157,2020-05-04 00:30:00.257,2020-05-04 00:30:00.257,,99
1007,,24,140,2020-05-15 21:02:06.926,2020-05-15 21:02:06.926,,453
1025,,48,,2020-06-09 17:56:17.621,2020-06-09 17:56:17.621,,
488,,40,128,2019-03-15 00:23:29.866,2019-03-15 00:23:29.866,,
492,,17,37,2019-03-17 20:30:08.260,2019-03-17 20:30:08.260,122,
494,,16,30,2019-03-18 15:10:51.067,2019-03-18 15:10:51.067,,132
839,,4,251,2019-11-15 17:56:46.209,2019-11-15 17:56:46.209,,227
840,530,19,112,2019-11-15 18:04:01.831,2019-11-15 18:04:01.831,,258
844,,4,313,2019-11-15 20:09:22.254,2019-11-15 20:09:22.254,,
864,,22,121,2019-11-22 15:45:57.027,2019-11-22 15:45:57.027,,364
886,,14,71,2019-12-06 15:30:03.054,2019-12-06 15:30:03.054,,378
889,,32,331,2019-12-06 19:51:36.653,2019-12-06 19:51:36.653,62,381
916,573,4,,2020-01-03 01:25:49.609,2020-01-03 01:25:49.609,,402
919,,47,348,2020-01-03 17:30:57.162,2020-01-03 17:30:57.162,,405
925,579,34,349,2020-01-04 01:59:11.859,2020-01-04 01:59:11.859,164,407
953,,24,362,2020-03-30 22:01:53.359,2020-03-30 22:01:53.359,,424
969,,24,367,2020-04-17 17:35:54.061,2020-04-17 17:35:54.061,,431
970,,22,259,2020-04-17 17:38:14.662,2020-04-17 17:38:14.662,,432
971,,22,368,2020-04-17 17:40:33.591,2020-04-17 17:40:33.591,,433
988,,22,368,2020-05-04 00:36:36.126,2020-05-04 00:36:36.126,,
989,,19,41,2020-05-04 00:42:19.389,2020-05-04 00:42:19.389,,443
1008,,23,40,2020-05-19 20:18:02.752,2020-05-19 20:18:02.752,80,454
1026,,14,48,2020-06-10 17:37:28.622,2020-06-10 17:37:28.622,,460
490,325,4,5,2019-03-15 00:32:16.926,2019-03-15 00:32:16.926,,
841,531,30,312,2019-11-15 19:01:51.059,2019-11-15 19:01:51.059,,343
842,532,30,119,2019-11-15 19:07:11.358,2019-11-15 19:07:11.358,,344
865,,4,257,2019-11-22 15:56:18.543,2019-11-22 15:56:18.543,,365
887,,4,275,2019-12-06 18:39:50.966,2019-12-06 18:39:50.966,,379
890,,14,71,2019-12-06 20:28:10.257,2019-12-06 20:28:10.257,,382
917,,22,91,2020-01-03 16:50:19.823,2020-01-03 16:50:19.823,,403
923,577,23,50,2020-01-04 01:41:10.301,2020-01-04 01:41:10.301,,35
926,580,23,350,2020-01-04 19:12:49.957,2020-01-04 19:12:49.957,116,408
954,594,14,,2020-03-30 22:11:55.826,2020-03-30 22:11:55.826,,425
972,,16,30,2020-04-19 16:44:01.730,2020-04-19 16:44:01.730,,434
990,,19,123,2020-05-11 01:07:39.387,2020-05-11 01:07:39.387,,444
1009,,3,374,2020-05-19 22:12:31.117,2020-05-19 22:12:31.117,,
1027,,31,381,2020-06-10 17:57:31.237,2020-06-10 17:57:31.237,178,461
491,,32,130,2019-03-17 15:25:48.213,2019-03-17 15:25:48.213,,131
493,326,24,161,2019-03-18 15:04:47.185,2019-03-18 15:04:47.185,,120
496,327,14,42,2019-03-19 22:18:23.978,2019-03-19 22:18:23.978,,134
497,,22,36,2019-03-19 23:57:30.585,2019-03-19 23:57:30.585,,135
498,328,22,182,2019-03-20 00:06:50.315,2019-03-20 00:06:50.315,,
499,,23,180,2019-03-20 00:27:13.391,2019-03-20 00:27:13.391,,136
500,329,14,48,2019-03-20 00:44:00.644,2019-03-20 00:44:00.644,,
501,330,14,42,2019-03-20 00:57:10.533,2019-03-20 00:57:10.533,,137
502,331,18,33,2019-03-20 01:16:21.425,2019-03-20 01:16:21.425,,
503,333,18,33,2019-03-20 01:17:13.747,2019-03-20 01:17:13.747,,
504,,12,167,2019-03-20 23:52:54.518,2019-03-20 23:52:54.518,,138
505,,11,184,2019-03-24 02:16:06.630,2019-03-24 02:16:06.630,,139
506,,24,185,2019-03-24 02:39:27.155,2019-03-24 02:39:27.155,,140
507,334,12,,2019-03-24 14:21:43.016,2019-03-24 14:21:43.016,123,
508,335,14,,2019-03-24 14:30:09.139,2019-03-24 14:30:09.139,124,
509,336,23,186,2019-03-25 03:04:12.481,2019-03-25 03:04:12.481,,
510,,24,161,2019-03-25 03:10:17.031,2019-03-25 03:10:17.031,,141
511,,11,106,2019-03-26 20:17:37.617,2019-03-26 20:17:37.617,125,142
512,,16,30,2019-03-29 01:01:58.023,2019-03-29 01:01:58.023,,143
513,,13,69,2019-03-29 01:22:38.803,2019-03-29 01:22:38.803,,144
514,,12,22,2019-04-01 15:55:59.714,2019-04-01 15:55:59.714,,145
515,,12,,2019-04-03 13:03:14.824,2019-04-03 13:03:14.824,126,
516,,23,180,2019-04-03 18:12:01.850,2019-04-03 18:12:01.850,27,146
517,,14,72,2019-04-05 18:13:54.313,2019-04-05 18:13:54.313,,147
518,338,20,187,2019-04-05 19:24:38.698,2019-04-05 19:24:38.698,,148
519,,4,188,2019-04-08 02:13:56.910,2019-04-08 02:13:56.910,,149
520,339,48,,2019-04-10 12:42:43.015,2019-04-10 12:42:43.015,,
521,,23,180,2019-04-10 17:29:24.539,2019-04-10 17:29:24.539,,146
522,,27,,2019-04-10 17:34:00.220,2019-04-10 17:34:00.220,109,
523,343,25,176,2019-04-11 17:56:54.812,2019-04-11 17:56:54.812,,150
524,,25,176,2019-04-11 17:58:54.947,2019-04-11 17:58:54.947,,150
525,344,24,157,2019-04-11 18:14:35.564,2019-04-11 18:14:35.564,,151
526,,24,140,2019-04-11 21:48:09.434,2019-04-11 21:48:09.434,,152
527,346,14,72,2019-04-11 22:21:27.721,2019-04-11 22:21:27.721,,153
528,,12,192,2019-04-11 22:42:35.484,2019-04-11 22:42:35.484,,
529,,22,,2019-04-12 00:50:54.645,2019-04-12 00:50:54.645,,154
530,347,22,,2019-04-12 00:53:03.418,2019-04-12 00:53:03.418,,
531,,12,22,2019-04-12 01:23:46.644,2019-04-12 01:23:46.644,,155
532,,12,194,2019-04-12 03:06:25.111,2019-04-12 03:06:25.111,,156
533,,11,184,2019-04-12 03:47:00.686,2019-04-12 03:47:00.686,,157
534,350,25,176,2019-04-12 15:31:21.795,2019-04-12 15:31:21.795,127,
535,352,3,200,2019-04-13 00:31:22.844,2019-04-13 00:31:22.844,,158
536,,47,201,2019-04-13 00:47:38.648,2019-04-13 00:47:38.648,,159
537,353,14,56,2019-04-13 00:55:22.167,2019-04-13 00:55:22.167,,
538,,16,30,2019-04-13 01:11:16.148,2019-04-13 01:11:16.148,,160
539,355,11,202,2019-04-13 01:36:06.429,2019-04-13 01:36:06.429,,
540,,11,97,2019-04-16 19:53:34.506,2019-04-16 19:53:34.506,79,161
541,356,14,72,2019-04-16 21:01:26.081,2019-04-16 21:01:26.081,,162
542,,23,158,2019-04-17 02:08:42.463,2019-04-17 02:08:42.463,27,
543,356,14,72,2019-04-17 02:14:49.979,2019-04-17 02:14:49.979,,
544,,23,158,2019-04-17 02:20:00.521,2019-04-17 02:20:00.521,27,163
545,357,14,72,2019-04-17 02:27:40.924,2019-04-17 02:27:40.924,,
546,,23,203,2019-04-18 15:45:54.767,2019-04-18 15:45:54.767,128,
547,,16,30,2019-04-18 16:36:13.677,2019-04-18 16:36:13.677,,164
548,,20,138,2019-04-19 00:48:38.990,2019-04-19 00:48:38.990,,165
549,359,14,56,2019-04-20 19:55:18.064,2019-04-20 19:55:18.064,,
550,360,14,72,2019-04-20 20:13:55.066,2019-04-20 20:13:55.066,,41
551,361,12,10,2019-04-20 20:21:43.348,2019-04-20 20:21:43.348,,
552,,16,30,2019-04-20 20:25:47.805,2019-04-20 20:25:47.805,,166
553,,12,204,2019-04-21 02:59:01.630,2019-04-21 02:59:01.630,,167
554,,4,5,2019-04-21 05:11:15.817,2019-04-21 05:11:15.817,129,
555,,4,129,2019-04-21 14:28:42.211,2019-04-21 14:28:42.211,,
556,362,14,42,2019-04-21 14:41:03.731,2019-04-21 14:41:03.731,,
557,363,12,167,2019-04-21 20:31:34.684,2019-04-21 20:31:34.684,,138
558,,24,205,2019-04-21 20:37:24.290,2019-04-21 20:37:24.290,130,
559,364,14,125,2019-04-21 20:43:45.237,2019-04-21 20:43:45.237,,
560,365,4,206,2019-04-21 20:50:24.300,2019-04-21 20:50:24.300,,168
561,,4,206,2019-04-21 20:51:09.393,2019-04-21 20:51:09.393,,168
562,,39,207,2019-04-22 00:06:45.931,2019-04-22 00:06:45.931,,
563,,27,208,2019-04-28 22:39:01.124,2019-04-28 22:39:01.124,131,
564,366,14,209,2019-04-28 23:53:36.598,2019-04-28 23:53:36.598,117,
565,367,14,11,2019-04-28 23:56:22.771,2019-04-28 23:56:22.771,,169
566,,11,210,2019-05-06 19:01:46.611,2019-05-06 19:01:46.611,79,170
567,,11,97,2019-05-06 19:02:08.849,2019-05-06 19:02:08.849,79,171
568,,43,211,2019-05-08 01:03:45.233,2019-05-08 01:03:45.233,132,172
569,368,14,125,2019-05-10 00:38:18.535,2019-05-10 00:38:18.535,,
570,369,14,72,2019-05-10 19:11:03.114,2019-05-10 19:11:03.114,,173
571,,23,158,2019-05-10 19:21:26.811,2019-05-10 19:21:26.811,27,174
572,,14,42,2019-05-13 16:42:13.941,2019-05-13 16:42:13.941,,175
573,,23,212,2019-05-13 16:56:00.466,2019-05-13 16:56:00.466,133,
574,372,32,93,2019-05-13 17:09:08.122,2019-05-13 17:09:08.122,62,
575,,24,,2019-05-14 15:48:47.926,2019-05-14 15:48:47.926,,176
576,,16,,2019-05-14 15:54:44.696,2019-05-14 15:54:44.696,134,
577,,16,30,2019-05-15 16:26:50.787,2019-05-15 16:26:50.787,,177
579,,12,22,2019-05-17 20:38:43.023,2019-05-17 20:38:43.023,135,178
580,374,14,42,2019-05-22 20:16:31.067,2019-05-22 20:16:31.067,,49
581,,25,142,2019-05-22 20:38:28.375,2019-05-22 20:38:28.375,,89
582,375,14,11,2019-05-22 20:42:59.943,2019-05-22 20:42:59.943,,
583,376,14,56,2019-05-22 20:55:18.563,2019-05-22 20:55:18.563,,
584,377,14,11,2019-05-22 21:27:05.291,2019-05-22 21:27:05.291,,
585,,43,211,2019-05-28 13:26:43.901,2019-05-28 13:26:43.901,136,172
586,379,43,213,2019-05-28 14:40:02.074,2019-05-28 14:40:02.074,,179
587,,23,180,2019-05-28 14:52:50.636,2019-05-28 14:52:50.636,27,180
588,380,3,46,2019-05-28 15:32:18.048,2019-05-28 15:32:18.048,,181
589,,11,214,2019-05-28 18:47:49.068,2019-05-28 18:47:49.068,6,182
590,,11,106,2019-05-31 13:05:13.546,2019-05-31 13:05:13.546,6,86
591,,19,114,2019-05-31 16:59:02.241,2019-05-31 16:59:02.241,,
592,,20,215,2019-05-31 18:04:04.402,2019-05-31 18:04:04.402,137,183
593,381,43,216,2019-06-04 14:21:38.796,2019-06-04 14:21:38.796,,184
594,,43,213,2019-06-04 14:40:28.041,2019-06-04 14:40:28.041,,185
595,382,14,42,2019-06-12 15:05:25.235,2019-06-12 15:05:25.235,,
596,,14,,2019-06-12 15:23:31.853,2019-06-12 15:23:31.853,138,
597,383,27,,2019-06-18 15:02:24.917,2019-06-18 15:02:24.917,,
598,384,16,217,2019-06-18 15:14:22.568,2019-06-18 15:14:22.568,,
599,385,16,30,2019-06-19 18:57:42.386,2019-06-19 18:57:42.386,,
600,,14,218,2019-06-22 18:58:25.160,2019-06-22 18:58:25.160,,186
601,,4,31,2019-06-24 19:27:04.799,2019-06-24 19:27:04.799,,187
602,387,14,11,2019-06-25 21:46:00.370,2019-06-25 21:46:00.370,,
603,390,11,53,2019-06-27 22:35:36.176,2019-06-27 22:35:36.176,,
604,,12,22,2019-06-28 18:45:03.403,2019-06-28 18:45:03.403,,188
605,,11,106,2019-06-28 19:16:44.674,2019-06-28 19:16:44.674,6,189
606,,14,11,2019-06-28 20:14:40.419,2019-06-28 20:14:40.419,,190
607,391,4,136,2019-06-28 20:48:14.585,2019-06-28 20:48:14.585,,80
608,,14,11,2019-06-28 20:52:35.569,2019-06-28 20:52:35.569,,191
609,,11,184,2019-06-28 21:09:07.465,2019-06-28 21:09:07.465,,192
610,,16,30,2019-06-29 21:22:09.342,2019-06-29 21:22:09.342,,193
611,393,23,180,2019-06-29 21:46:00.308,2019-06-29 21:46:00.308,,146
612,,13,69,2019-06-30 00:18:44.522,2019-06-30 00:18:44.522,44,79
613,,14,42,2019-06-30 01:49:10.700,2019-06-30 01:49:10.700,,194
614,,31,,2019-06-30 02:16:37.627,2019-06-30 02:16:37.627,139,
615,,19,224,2019-06-30 14:43:50.901,2019-06-30 14:43:50.901,,195
616,,3,,2019-07-01 15:48:56.087,2019-07-01 15:48:56.087,140,
617,396,11,225,2019-07-01 16:04:35.236,2019-07-01 16:04:35.236,,
618,397,4,5,2019-07-01 19:40:13.821,2019-07-01 19:40:13.821,,196
619,398,4,226,2019-07-01 20:05:25.167,2019-07-01 20:05:25.167,,
620,400,14,11,2019-07-02 15:01:44.303,2019-07-02 15:01:44.303,,60
621,,16,217,2019-07-02 19:17:31.151,2019-07-02 19:17:31.151,,197
622,403,14,11,2019-07-05 19:40:07.082,2019-07-05 19:40:07.082,,
623,,23,173,2019-07-05 20:21:16.253,2019-07-05 20:21:16.253,,198
624,,15,229,2019-07-05 21:32:37.091,2019-07-05 21:32:37.091,141,
625,,11,,2019-07-05 21:57:01.392,2019-07-05 21:57:01.392,142,
626,,14,71,2019-07-05 22:43:32.871,2019-07-05 22:43:32.871,,199
627,404,23,,2019-07-07 16:19:39.846,2019-07-07 16:19:39.846,,
628,,43,211,2019-07-09 19:04:23.833,2019-07-09 19:04:23.833,132,200
629,405,14,230,2019-07-09 19:40:59.304,2019-07-09 19:40:59.304,143,201
630,,14,232,2019-07-15 15:40:38.713,2019-07-15 15:40:38.713,124,202
631,,3,34,2019-07-15 15:45:15.355,2019-07-15 15:45:15.355,,203
632,,31,92,2019-07-15 15:54:19.887,2019-07-15 15:54:19.887,,
633,,13,69,2019-07-15 17:08:18.853,2019-07-15 17:08:18.853,,204
634,,13,69,2019-07-15 17:21:09.587,2019-07-15 17:21:09.587,,205
635,407,18,33,2019-07-15 17:32:22.546,2019-07-15 17:32:22.546,,
636,,20,28,2019-07-15 17:45:23.992,2019-07-15 17:45:23.992,,206
637,,13,233,2019-07-15 18:03:34.942,2019-07-15 18:03:34.942,,
638,,24,140,2019-07-15 18:13:14.085,2019-07-15 18:13:14.085,,207
639,408,14,11,2019-07-15 18:18:23.351,2019-07-15 18:18:23.351,,208
640,409,16,30,2019-07-15 18:26:37.627,2019-07-15 18:26:37.627,,
641,,31,234,2019-07-15 23:31:26.843,2019-07-15 23:31:26.843,,209
642,,18,24,2019-07-16 00:49:37.481,2019-07-16 00:49:37.481,,210
643,,32,93,2019-07-16 00:54:03.489,2019-07-16 00:54:03.489,62,211
644,,14,235,2019-07-16 15:29:30.364,2019-07-16 15:29:30.364,124,212
645,,22,107,2019-07-17 11:18:51.436,2019-07-17 11:18:51.436,,95
646,,43,,2019-07-19 13:34:13.071,2019-07-19 13:34:13.071,,
647,416,19,41,2019-07-19 19:31:23.072,2019-07-19 19:31:23.072,,
648,417,11,239,2019-07-19 20:01:35.501,2019-07-19 20:01:35.501,,
649,418,43,211,2019-07-19 20:04:45.942,2019-07-19 20:04:45.942,,
650,419,43,240,2019-07-19 20:07:58.069,2019-07-19 20:07:58.069,,
651,420,18,241,2019-07-19 20:32:59.955,2019-07-19 20:32:59.955,,213
652,422,18,24,2019-07-20 00:40:50.837,2019-07-20 00:40:50.837,,214
653,,22,243,2019-07-21 16:35:31.277,2019-07-21 16:35:31.277,,
654,423,11,94,2019-07-23 14:04:48.830,2019-07-23 14:04:48.830,6,
655,,12,244,2019-07-23 14:39:32.748,2019-07-23 14:39:32.748,,215
656,424,11,106,2019-07-23 14:55:51.070,2019-07-23 14:55:51.070,6,
657,,11,113,2019-07-23 15:14:29.614,2019-07-23 15:14:29.614,6,
658,,4,245,2019-07-24 18:05:26.875,2019-07-24 18:05:26.875,105,
659,426,14,246,2019-07-24 19:03:23.589,2019-07-24 19:03:23.589,75,
660,,14,247,2019-07-24 19:21:43.295,2019-07-24 19:21:43.295,88,
661,427,4,5,2019-07-25 17:22:22.778,2019-07-25 17:22:22.778,,196
662,,14,68,2019-07-25 17:34:00.775,2019-07-25 17:34:00.775,,216
663,,4,5,2019-07-25 17:40:22.603,2019-07-25 17:40:22.603,,217
664,428,4,,2019-07-26 14:56:36.012,2019-07-26 14:56:36.012,,
665,429,12,22,2019-07-27 18:41:46.480,2019-07-27 18:41:46.480,,
666,,19,116,2019-07-28 16:43:53.580,2019-07-28 16:43:53.580,,218
667,,17,108,2019-07-29 01:45:11.317,2019-07-29 01:45:11.317,,219
668,328,22,182,2019-07-29 02:10:02.111,2019-07-29 02:10:02.111,,220
670,431,24,157,2019-07-29 02:17:31.699,2019-07-29 02:17:31.699,,151
671,432,14,42,2019-07-29 14:25:08.154,2019-07-29 14:25:08.154,,175
672,433,13,233,2019-07-29 14:38:28.340,2019-07-29 14:38:28.340,,221
673,,24,157,2019-07-29 15:00:58.995,2019-07-29 15:00:58.995,,222
674,,43,248,2019-07-29 15:15:36.930,2019-07-29 15:15:36.930,136,223
675,434,11,,2019-07-30 00:28:03.391,2019-07-30 00:28:03.391,35,224
676,,4,250,2019-08-02 16:53:48.500,2019-08-02 16:53:48.500,,225
677,437,11,155,2019-08-03 17:23:23.965,2019-08-03 17:23:23.965,79,226
678,438,4,251,2019-08-03 20:09:02.470,2019-08-03 20:09:02.470,,227
679,,11,,2019-08-03 21:29:14.200,2019-08-03 21:29:14.200,23,
680,,16,30,2019-08-05 20:20:00.976,2019-08-05 20:20:00.976,,228
681,,14,120,2019-08-06 17:07:16.638,2019-08-06 17:07:16.638,,229
682,,11,179,2019-08-06 17:30:00.872,2019-08-06 17:30:00.872,6,
688,,14,68,2019-08-07 20:37:41.623,2019-08-07 20:37:41.623,,235
689,442,14,42,2019-08-09 14:35:43.727,2019-08-09 14:35:43.727,,123
690,443,22,36,2019-08-11 18:42:29.335,2019-08-11 18:42:29.335,,236
691,444,14,11,2019-08-11 19:15:39.130,2019-08-11 19:15:39.130,,237
692,446,23,50,2019-08-11 19:33:57.793,2019-08-11 19:33:57.793,,238
693,,18,33,2019-08-11 19:39:00.380,2019-08-11 19:39:00.380,,239
694,447,32,93,2019-08-11 19:53:34.275,2019-08-11 19:53:34.275,,240
695,448,14,120,2019-08-11 20:07:44.370,2019-08-11 20:07:44.370,,241
696,,42,254,2019-08-11 23:24:33.611,2019-08-11 23:24:33.611,,
697,449,4,255,2019-08-12 01:02:50.397,2019-08-12 01:02:50.397,,242
698,,32,,2019-08-12 01:28:57.351,2019-08-12 01:28:57.351,144,
699,,43,,2019-08-12 21:05:02.573,2019-08-12 21:05:02.573,132,
700,450,18,33,2019-08-15 15:42:45.908,2019-08-15 15:42:45.908,,243
701,451,11,73,2019-08-18 15:18:08.112,2019-08-18 15:18:08.112,,244
702,452,3,256,2019-08-19 16:54:15.065,2019-08-19 16:54:15.065,,
703,,18,33,2019-08-20 15:48:38.326,2019-08-20 15:48:38.326,,245
683,,3,,2019-08-06 18:59:48.840,2019-11-20 20:30:58.425,8,360
684,,3,,2019-08-06 19:05:17.586,2019-11-20 20:31:54.983,8,361
991,,16,217,2020-05-11 21:27:57.308,2020-05-11 21:27:57.308,,
1010,,20,,2020-05-25 21:48:35.955,2020-05-25 21:48:35.955,174,
704,453,22,107,2019-08-21 19:51:34.443,2019-08-21 19:51:34.443,,246
705,454,4,5,2019-08-22 16:32:21.368,2019-08-22 16:32:21.368,,247
706,455,22,107,2019-08-22 16:43:10.115,2019-08-22 16:43:10.115,,248
707,,4,257,2019-08-24 14:55:18.724,2019-08-24 14:55:18.724,,249
708,456,11,184,2019-08-25 23:47:26.881,2019-08-25 23:47:26.881,,250
709,457,3,3,2019-08-27 14:57:30.256,2019-08-27 14:57:30.256,,251
710,,4,5,2019-08-28 00:47:01.586,2019-08-28 00:47:01.586,,252
711,458,11,184,2019-08-28 15:22:23.512,2019-08-28 15:22:23.512,,253
712,,18,24,2019-08-28 15:34:42.672,2019-08-28 15:34:42.672,,254
713,,27,258,2019-09-04 17:10:18.804,2019-09-04 17:10:18.804,145,
714,,3,169,2019-09-04 18:43:20.668,2019-09-04 18:43:20.668,,255
715,461,22,259,2019-09-04 18:54:35.396,2019-09-04 18:54:35.396,,256
716,,19,41,2019-09-04 19:12:47.844,2019-09-04 19:12:47.844,,257
717,,19,112,2019-09-04 19:19:42.666,2019-09-04 19:19:42.666,,258
718,,43,260,2019-09-04 20:06:29.005,2019-09-04 20:06:29.005,,259
719,,20,261,2019-09-05 15:52:02.472,2019-09-05 15:52:02.472,,
720,462,13,29,2019-09-05 17:32:20.773,2019-09-05 17:32:20.773,,260
282,192,14,71,2018-10-25 22:39:19.486,2019-09-06 15:14:49.081,,
721,,18,33,2019-09-08 00:21:55.755,2019-09-08 00:21:55.755,,261
722,464,11,99,2019-09-08 00:27:46.409,2019-09-08 00:27:46.409,6,262
723,,14,11,2019-09-08 00:36:32.606,2019-09-08 00:36:32.606,,263
724,,4,5,2019-09-08 16:44:06.204,2019-09-08 16:44:06.204,,264
725,,3,169,2019-09-08 16:56:06.093,2019-09-08 16:56:06.093,,265
726,,22,121,2019-09-10 14:01:43.930,2019-09-10 14:01:43.930,,266
727,466,14,11,2019-09-10 14:34:40.639,2019-09-10 14:34:40.639,,124
729,467,19,41,2019-09-10 15:04:51.519,2019-09-10 15:04:51.519,,268
730,468,4,262,2019-09-10 15:08:21.986,2019-09-10 15:08:21.986,,
731,,22,259,2019-09-11 00:49:26.971,2019-09-11 00:49:26.971,,269
732,469,4,5,2019-09-11 01:06:02.296,2019-09-11 01:06:02.296,,217
733,,16,30,2019-09-11 14:53:07.831,2019-09-11 14:53:07.831,,270
734,,14,48,2019-09-11 15:01:26.368,2019-09-11 15:01:26.368,,271
735,,11,264,2019-09-11 17:20:19.544,2019-09-11 17:20:19.544,79,
737,,47,265,2019-09-12 16:40:48.195,2019-09-12 16:40:48.195,,273
738,471,24,140,2019-09-12 18:53:14.653,2019-09-12 18:53:14.653,,274
739,,22,266,2019-09-12 19:06:38.649,2019-09-12 19:06:38.649,,275
740,,17,37,2019-09-12 19:22:13.308,2019-09-12 19:22:13.308,,276
741,472,11,184,2019-09-12 19:29:33.869,2019-09-12 19:29:33.869,,192
742,473,3,34,2019-09-12 22:39:50.472,2019-09-12 22:39:50.472,,
743,,16,30,2019-09-16 01:02:25.535,2019-09-16 01:02:25.535,146,
744,,14,268,2019-09-16 01:10:00.358,2019-09-16 01:10:00.358,,277
745,476,11,184,2019-09-17 15:02:22.518,2019-09-17 15:02:22.518,,278
746,,4,5,2019-09-17 16:19:10.847,2019-09-17 16:19:10.847,,279
747,,3,46,2019-09-19 15:37:14.827,2019-09-19 15:37:14.827,,280
748,,14,120,2019-09-19 16:29:05.123,2019-09-19 16:29:05.123,,281
749,479,12,22,2019-09-19 17:03:48.439,2019-09-19 17:03:48.439,,
750,,24,157,2019-09-20 14:26:35.358,2019-09-20 14:26:35.358,,282
751,,3,3,2019-09-20 14:46:55.519,2019-09-20 14:46:55.519,,283
752,481,32,93,2019-09-20 14:52:39.598,2019-09-20 14:52:39.598,,284
753,483,21,272,2019-09-23 01:54:48.872,2019-09-23 01:54:48.872,,
754,,4,61,2019-09-23 16:29:59.837,2019-09-23 16:29:59.837,,285
755,484,11,106,2019-09-25 15:30:06.244,2019-09-25 15:30:06.244,79,
756,,3,3,2019-09-25 15:35:30.927,2019-09-25 15:35:30.927,,286
757,485,42,254,2019-09-25 18:03:37.127,2019-09-25 18:03:37.127,,
758,487,53,274,2019-09-25 18:24:22.687,2019-09-25 18:24:22.687,,287
759,,53,274,2019-09-25 18:40:36.920,2019-09-25 18:40:36.920,,287
760,,4,,2019-09-25 18:51:41.347,2019-09-25 18:51:41.347,,288
761,488,11,73,2019-09-25 19:21:58.211,2019-09-25 19:21:58.211,35,2
762,,4,275,2019-09-25 19:31:04.299,2019-09-25 19:31:04.299,,289
763,,14,11,2019-10-01 00:46:07.808,2019-10-01 00:46:07.808,,290
764,,12,22,2019-10-01 00:56:07.439,2019-10-01 00:56:07.439,,291
766,,24,277,2019-10-02 14:44:46.652,2019-10-02 14:44:46.652,,292
767,492,28,78,2019-10-02 15:02:47.833,2019-10-02 15:02:47.833,,293
768,,19,278,2019-10-02 15:58:47.629,2019-10-02 15:58:47.629,,294
769,,21,,2019-10-02 16:12:48.033,2019-10-02 16:12:48.033,147,
770,,12,192,2019-10-02 16:17:37.122,2019-10-02 16:17:37.122,,295
771,493,40,128,2019-10-02 19:11:36.738,2019-10-02 19:11:36.738,,296
772,494,11,184,2019-10-03 00:52:09.701,2019-10-03 00:52:09.701,,297
773,495,11,155,2019-10-03 00:54:27.640,2019-10-03 00:54:27.640,79,298
774,496,23,174,2019-10-03 01:14:24.274,2019-10-03 01:14:24.274,116,299
775,,54,279,2019-10-03 01:22:20.841,2019-10-03 01:22:20.841,148,300
776,,55,280,2019-10-03 01:25:05.670,2019-10-03 01:25:05.670,,301
777,,54,,2019-10-03 01:25:25.258,2019-10-03 01:25:25.258,149,302
778,,54,,2019-10-03 01:27:28.827,2019-10-03 01:27:28.827,149,303
779,497,28,281,2019-10-03 01:29:17.577,2019-10-03 01:29:17.577,,
780,,4,251,2019-10-04 15:12:51.853,2019-10-04 15:12:51.853,,304
781,,22,107,2019-10-04 18:39:31.189,2019-10-04 18:39:31.189,,305
782,,4,25,2019-10-04 19:16:23.191,2019-10-04 19:16:23.191,,306
783,,27,282,2019-10-04 19:22:53.559,2019-10-04 19:22:53.559,145,
784,,11,,2019-10-05 18:46:48.731,2019-10-05 18:46:48.731,35,307
785,,11,106,2019-10-05 19:19:19.464,2019-10-05 19:19:19.464,,308
786,498,3,283,2019-10-05 21:47:52.601,2019-10-05 21:47:52.601,,
787,499,20,28,2019-10-05 22:00:49.297,2019-10-05 22:00:49.297,,
788,,13,,2019-10-05 22:08:21.946,2019-10-05 22:08:21.946,150,
789,,13,284,2019-10-05 22:09:51.517,2019-10-05 22:09:51.517,151,
790,,25,176,2019-10-06 01:12:09.591,2019-10-06 01:12:09.591,,309
791,450,18,33,2019-10-06 01:32:15.358,2019-10-06 01:32:15.358,,310
792,,31,285,2019-10-06 19:35:02.255,2019-10-06 19:35:02.255,,311
793,501,3,286,2019-10-10 01:12:15.410,2019-10-10 01:12:15.410,,
794,,16,30,2019-10-10 01:29:38.677,2019-10-10 01:29:38.677,152,
795,,22,103,2019-10-10 01:32:24.162,2019-10-10 01:32:24.162,,312
796,,14,125,2019-10-10 01:46:28.232,2019-10-10 01:46:28.232,,
797,502,13,69,2019-10-11 14:55:01.993,2019-10-11 14:55:01.993,,313
798,,12,287,2019-10-11 15:23:42.568,2019-10-11 15:23:42.568,,
799,,12,288,2019-10-11 15:23:57.749,2019-10-11 15:23:57.749,,
800,504,4,5,2019-10-12 18:50:41.530,2019-10-12 18:50:41.530,,247
801,505,11,,2019-10-13 19:27:07.474,2019-10-13 19:27:07.474,29,314
802,,16,30,2019-10-16 19:03:37.961,2019-10-16 19:03:37.961,,315
803,,18,80,2019-10-16 19:12:38.746,2019-10-16 19:12:38.746,,316
804,,12,288,2019-10-16 19:47:16.838,2019-10-16 19:47:16.838,,317
805,506,4,136,2019-10-18 14:03:14.079,2019-10-18 14:03:14.079,,80
806,,4,250,2019-10-18 16:22:05.753,2019-10-18 16:22:05.753,,
765,491,11,73,2019-10-01 01:11:04.377,2019-11-20 14:19:26.343,35,2
736,,3,,2019-09-11 17:29:42.156,2019-11-20 20:33:13.120,8,362
807,,32,166,2019-10-18 16:29:46.268,2019-10-18 16:29:46.268,,318
816,511,13,294,2019-10-23 15:21:08.647,2019-10-23 15:21:08.647,,326
817,,30,119,2019-10-23 16:47:54.021,2019-10-23 16:47:54.021,,327
819,,19,224,2019-10-24 02:07:41.203,2019-10-24 02:07:41.203,154,
843,,13,29,2019-11-15 19:12:26.022,2019-11-15 19:12:26.022,,345
867,,32,324,2019-11-22 17:18:55.157,2019-11-22 17:18:55.157,,367
888,,4,275,2019-12-06 18:40:24.192,2019-12-06 18:40:24.192,,380
892,,18,33,2019-12-11 16:14:13.218,2019-12-11 16:14:13.218,,384
918,,31,320,2020-01-03 16:57:38.154,2020-01-03 16:57:38.154,,404
922,576,14,71,2020-01-03 22:28:49.797,2020-01-03 22:28:49.797,,1
955,595,39,127,2020-04-07 01:16:02.563,2020-04-07 01:16:02.563,,426
973,,11,214,2020-04-21 16:44:12.799,2020-04-21 16:44:12.799,6,435
992,618,47,372,2020-05-12 00:07:59.503,2020-05-12 00:07:59.503,173,
1011,624,14,11,2020-05-26 16:58:11.171,2020-05-26 16:58:11.171,,
1012,,32,130,2020-05-26 17:53:15.065,2020-05-26 17:53:15.065,,
1028,,23,382,2020-06-10 18:15:18.481,2020-06-10 18:15:18.481,128,462
808,,32,166,2019-10-18 16:30:15.149,2019-10-18 16:30:15.149,,319
845,534,11,315,2019-11-15 20:59:59.242,2019-11-15 20:59:59.242,6,346
846,,14,11,2019-11-15 21:10:30.857,2019-11-15 21:10:30.857,,237
868,543,24,140,2019-11-22 18:48:29.812,2019-11-22 18:48:29.812,,368
891,551,4,31,2019-12-11 16:09:13.993,2019-12-11 16:09:13.993,,383
920,574,22,266,2020-01-03 20:30:03.092,2020-01-03 20:30:03.092,,
921,575,47,265,2020-01-03 22:20:06.183,2020-01-03 22:20:06.183,,273
956,596,14,11,2020-04-07 19:54:03.131,2020-04-07 19:54:03.131,,
957,597,14,11,2020-04-07 19:54:29.688,2020-04-07 19:54:29.688,,
974,,66,369,2020-04-21 16:49:05.074,2020-04-21 16:49:05.074,,436
975,,31,,2020-04-21 16:51:05.062,2020-04-21 16:51:05.062,171,
993,619,25,142,2020-05-12 00:12:04.693,2020-05-12 00:12:04.693,,
1013,625,18,33,2020-05-26 19:16:15.094,2020-05-26 19:16:15.094,,455
1029,,47,383,2020-06-10 19:08:55.987,2020-06-10 19:08:55.987,,
809,,56,291,2019-10-18 21:20:06.819,2019-10-18 21:20:06.819,,320
813,,19,114,2019-10-23 01:12:31.919,2019-10-23 01:12:31.919,,323
847,,18,316,2019-11-16 23:57:15.343,2019-11-16 23:57:15.343,,347
848,,23,317,2019-11-17 00:47:28.910,2019-11-17 00:47:28.910,,348
869,,23,325,2019-11-22 18:57:55.680,2019-11-22 18:57:55.680,128,369
893,,22,333,2019-12-11 19:39:02.556,2019-12-11 19:39:02.556,,
924,578,34,102,2020-01-04 01:58:44.512,2020-01-04 01:58:44.512,,406
958,598,14,11,2020-04-07 19:55:23.012,2020-04-07 19:55:23.012,,
976,,16,,2020-04-21 16:55:33.650,2020-04-21 16:55:33.650,,437
994,620,14,11,2020-05-12 00:22:54.648,2020-05-12 00:22:54.648,,60
1014,,23,,2020-05-26 22:02:37.360,2020-05-26 22:02:37.360,175,
1030,,27,384,2020-06-10 19:34:49.598,2020-06-10 19:34:49.598,,463
810,,16,30,2019-10-18 21:25:53.782,2019-10-18 21:25:53.782,,321
849,,42,254,2019-11-17 02:13:03.301,2019-11-17 02:13:03.301,,349
850,535,4,129,2019-11-17 02:58:18.026,2019-11-17 02:58:18.026,,350
851,,16,318,2019-11-17 03:04:23.929,2019-11-17 03:04:23.929,,351
852,,18,319,2019-11-17 17:24:18.089,2019-11-17 17:24:18.089,,
854,,11,73,2019-11-19 17:06:10.786,2019-11-19 17:06:10.786,35,2
870,,14,326,2019-12-01 18:16:13.034,2019-12-01 18:16:13.034,88,
872,,18,328,2019-12-01 19:11:57.187,2019-12-01 19:11:57.187,158,
894,553,32,334,2019-12-11 22:01:47.129,2019-12-11 22:01:47.129,160,385
896,,22,259,2019-12-12 02:32:05.169,2019-12-12 02:32:05.169,,387
897,554,32,336,2019-12-13 21:16:03.821,2019-12-13 21:16:03.821,161,388
927,582,14,72,2020-01-14 16:46:44.762,2020-01-14 16:46:44.762,,41
940,,23,359,2020-01-16 20:34:23.922,2020-01-16 20:34:23.922,128,416
941,586,23,40,2020-01-16 20:44:50.979,2020-01-16 20:44:50.979,,417
959,,16,363,2020-04-10 19:59:07.306,2020-04-10 19:59:07.306,168,
977,614,13,111,2020-04-22 02:53:59.254,2020-04-22 02:53:59.254,,
995,,16,30,2020-05-12 23:11:41.941,2020-05-12 23:11:41.941,,445
1015,,14,56,2020-05-27 14:23:11.084,2020-05-27 14:23:11.084,,456
1016,,16,30,2020-05-27 14:55:40.312,2020-05-27 14:55:40.312,,457
1031,,17,55,2020-06-10 20:05:29.088,2020-06-10 20:05:29.088,,
1032,,16,30,2020-06-10 20:10:46.909,2020-06-10 20:10:46.909,,464
811,,17,55,2019-10-23 00:49:43.285,2019-10-23 00:49:43.285,153,
853,536,11,155,2019-11-19 16:43:53.306,2019-11-19 16:43:53.306,79,97
814,,40,128,2019-10-23 14:53:34.483,2019-10-23 14:56:30.973,,296
815,510,11,94,2019-10-23 15:07:09.082,2019-10-23 15:07:09.082,6,325
818,,18,24,2019-10-23 18:28:11.445,2019-10-23 18:28:11.445,,328
820,515,18,33,2019-10-25 14:43:50.590,2019-10-25 14:43:50.590,,329
821,,23,,2019-10-25 20:23:27.144,2019-10-25 20:23:27.144,128,
822,,14,298,2019-10-25 22:04:03.049,2019-10-25 22:04:03.049,,330
823,,11,299,2019-10-25 22:14:52.432,2019-10-25 22:14:52.432,6,331
824,,22,36,2019-10-30 14:46:59.741,2019-10-30 14:46:59.741,,59
825,518,4,300,2019-10-30 15:39:40.474,2019-10-30 15:39:40.474,,332
826,,11,303,2019-11-02 19:55:36.501,2019-11-02 19:55:36.501,79,333
827,521,14,11,2019-11-02 20:58:26.817,2019-11-02 20:58:26.817,,
828,,19,304,2019-11-02 21:10:38.700,2019-11-02 21:10:38.700,,334
829,,32,130,2019-11-02 23:41:01.011,2019-11-02 23:41:01.011,,335
871,,18,327,2019-12-01 19:06:22.231,2019-12-01 19:06:22.231,159,370
873,545,14,329,2019-12-01 20:01:38.110,2019-12-01 20:01:38.110,,
895,,32,335,2019-12-11 22:10:48.289,2019-12-11 22:10:48.289,160,386
898,555,11,97,2019-12-13 21:25:49.773,2019-12-13 21:25:49.773,79,171
900,556,24,337,2019-12-13 21:35:50.452,2019-12-13 21:35:50.452,162,390
928,,4,351,2020-01-14 18:01:16.484,2020-01-14 18:01:16.484,,409
939,,32,331,2020-01-16 19:59:54.520,2020-01-16 19:59:54.520,,415
942,587,23,40,2020-01-16 20:45:10.531,2020-01-16 20:45:10.531,,417
960,,18,24,2020-04-13 19:46:49.809,2020-04-13 19:46:49.809,,427
978,,13,370,2020-04-22 05:15:33.414,2020-04-22 05:15:33.414,172,
996,,47,373,2020-05-12 23:45:12.024,2020-05-12 23:45:12.024,,446
1017,,32,375,2020-05-29 16:36:19.397,2020-05-29 16:36:19.397,,458
1033,,16,30,2020-06-17 19:25:59.569,2020-06-17 19:25:59.569,,465
