"id","name","state_or_province_id","created_at","updated_at"
1,Planadas,71,2018-08-06 23:28:41.311,2018-08-06 23:28:41.311
2,Uraga,73,2018-08-06 23:59:06.416,2018-08-06 23:59:06.416
3,Dipilto,77,2018-08-21 17:10:05.374,2018-08-21 17:10:05.374
4,Ibiraci,30,2018-08-23 18:35:09.417,2018-08-23 18:35:09.417
5,Montanhas,79,2018-08-28 15:11:57.130,2018-08-28 15:11:57.130
6,La Democracia,,2018-08-30 18:54:26.839,2018-08-30 18:54:26.839
7,La Democracia,5,2018-08-30 19:00:25.148,2018-08-30 19:00:25.148
8,San Carlos,56,2018-08-30 19:28:15.400,2018-08-30 19:28:15.400
9,Conceição das Pedras,83,2018-09-03 22:58:35.085,2018-09-03 22:58:35.085
10,San Lucas Tolimán,85,2018-09-04 14:52:05.489,2018-09-04 14:52:05.489
11,La Florida,,2018-09-06 14:43:05.634,2018-09-06 14:43:05.634
12,La Florida,72,2018-09-07 01:00:37.202,2018-09-07 01:00:37.202
13,Ataco,71,2018-09-10 17:16:13.249,2018-09-10 17:16:13.249
14,Pérez Zeledón,69,2018-09-13 02:12:12.026,2018-09-13 02:12:12.026
15,Santiago de Puriscal,69,2018-09-13 02:17:17.011,2018-09-13 02:17:17.011
16,Metepán,,2018-09-13 15:49:39.191,2018-09-13 15:49:39.191
17,Chalatenango,,2018-09-13 15:55:15.511,2018-09-13 15:55:15.511
18,Lake Atitlán,89,2018-09-15 17:00:03.625,2018-09-15 17:00:03.625
19,Sipacapa,90,2018-09-15 17:18:56.639,2018-09-15 17:18:56.639
20,La Labor,91,2018-09-15 17:48:20.611,2018-09-15 17:48:20.611
21,Aranjuez,59,2018-09-16 00:30:09.967,2018-09-16 00:30:09.967
22,Antigua,,2018-09-16 23:32:20.957,2018-09-16 23:32:20.957
23,Fraijanes,,2018-09-20 02:26:27.106,2018-09-20 02:26:27.106
24,Tarrazu,69,2018-09-20 23:14:39.774,2018-09-20 23:14:39.774
25,Naranjo,29,2018-09-21 00:05:14.105,2018-09-21 00:05:14.105
26,Limmu,94,2018-09-25 00:51:56.014,2018-09-25 00:51:56.014
27,Petatán,5,2018-09-25 01:17:58.837,2018-09-25 01:17:58.837
28,El Triunfo Biosphere Reserve,24,2018-09-26 02:02:59.612,2018-09-26 02:02:59.612
29,Ywangan,102,2018-10-04 02:14:06.704,2018-10-04 02:14:06.704
30,Acevedo,11,2018-10-05 01:28:05.819,2018-10-05 01:28:05.819
31,Pochuta,31,2018-10-07 03:12:19.381,2018-10-07 03:12:19.381
32,San Agustín,11,2018-10-07 04:02:33.751,2018-10-07 04:02:33.751
33,Marcala,103,2018-10-07 04:13:05.824,2018-10-07 04:13:05.824
34,Perdizes,30,2018-10-07 04:33:26.141,2018-10-07 04:33:26.141
35,San Ignacio,50,2018-10-07 04:35:38.078,2018-10-07 04:35:38.078
36,Chinchipe,105,2018-10-07 04:38:40.579,2018-10-07 04:38:40.579
37,San Pedro de Copán,107,2018-10-10 14:01:56.238,2018-10-10 14:01:56.238
38,San Juan del Río Coco,108,2018-10-10 14:16:54.571,2018-10-10 14:16:54.571
39,Pueblo Nuevo,109,2018-10-10 14:26:30.672,2018-10-10 14:26:30.672
40,Concepción de Ataco,112,2018-10-13 03:01:42.855,2018-10-13 03:01:42.855
41,Buesaco,72,2018-10-17 14:10:56.683,2018-10-17 14:10:56.683
42,Zipacón,67,2018-10-17 14:27:01.726,2018-10-17 14:27:01.726
43,San Martín Jilotepeque,31,2018-10-17 14:55:14.526,2018-10-17 14:55:14.526
44,La Palma,114,2018-10-17 15:03:33.777,2018-10-17 15:03:33.777
45,San Pedro Necta,5,2018-10-17 16:05:24.433,2018-10-17 16:05:24.433
46,Copán Ruinas,107,2018-10-17 17:18:43.201,2018-10-17 17:18:43.201
47,La Libertad,116,2018-10-20 20:47:07.640,2018-10-20 20:47:07.640
48,Consaca,72,2018-10-21 01:19:27.231,2018-10-21 01:19:27.231
49,Inza,42,2018-10-21 19:04:55.252,2018-10-21 19:04:55.252
50,Tierras Altas,119,2018-10-22 00:18:46.017,2018-10-22 00:18:46.017
51,Jardín,56,2018-10-22 00:40:06.494,2018-10-22 00:40:06.494
52,Santa Tecla,116,2018-10-24 17:06:39.958,2018-10-24 17:06:39.958
53,Pijao,120,2018-10-24 17:55:58.905,2018-10-24 17:55:58.905
54,San Juan,121,2018-10-24 18:03:14.826,2018-10-24 18:03:14.826
55,Concordia,56,2018-10-25 00:59:19.436,2018-10-25 00:59:19.436
56,San Pedro de Cartago,72,2018-10-25 01:52:55.054,2018-10-25 01:52:55.054
57,Pinlaung,102,2018-10-31 14:08:44.810,2018-10-31 14:08:44.810
58,San Luis de Grecia,29,2018-10-31 14:25:24.889,2018-10-31 14:25:24.889
59,Las Vegas,36,2018-10-31 15:23:14.108,2018-10-31 15:23:14.108
60,Tarqui,11,2018-10-31 15:35:02.730,2018-10-31 15:35:02.730
62,Sandona,72,2018-10-31 19:03:52.749,2018-10-31 19:03:52.749
63,Cuilco,5,2018-11-06 04:04:53.730,2018-11-06 04:04:53.730
64,Dota,69,2018-11-07 19:04:16.703,2018-11-07 19:04:16.703
65,Pedralva,30,2018-11-07 19:39:05.574,2018-11-07 19:39:05.574
66,Pueblo Nuevo Viñas,129,2018-11-07 21:16:32.970,2018-11-07 21:16:32.970
67,Simalungun Regency,130,2018-11-13 02:56:22.137,2018-11-13 02:56:22.137
68,Kiniezire,127,2018-11-13 04:10:55.371,2018-11-13 04:10:55.371
69,Santa Barbara,5,2018-11-17 15:07:12.656,2018-11-17 15:07:12.656
70,Ángel Albino Corzo,24,2018-11-18 21:17:12.215,2018-11-18 21:17:12.215
71,Belén Gualcho,91,2018-11-19 00:56:21.712,2018-11-19 00:56:21.712
72,Yirgacheffe,97,2018-11-21 22:28:37.205,2018-11-21 22:28:37.205
73,Sao Paulo,,2018-11-23 13:23:46.585,2018-11-23 13:23:46.585
75,Gitwe,135,2018-11-28 18:02:17.703,2018-11-28 18:02:17.703
76,Boquete District,119,2018-12-01 22:11:45.179,2018-12-01 22:11:45.179
77,San Pedro Sacatepéquez,,2018-12-04 01:13:58.253,2018-12-04 01:13:58.253
78,San Fernando,37,2018-12-05 14:52:55.514,2018-12-05 14:52:55.514
79,Léon Cortès,69,2018-12-08 18:46:02.278,2018-12-08 18:46:02.278
80,Mataquescuintla,136,2018-12-08 19:28:20.904,2018-12-08 19:28:20.904
81,Opataro,103,2018-12-09 01:10:10.488,2018-12-09 01:10:10.488
82,Pangoa,137,2018-12-10 22:30:50.643,2018-12-10 22:30:50.643
83,Karatina,3,2018-12-17 16:42:28.320,2018-12-17 16:42:28.320
84,Jalapa,37,2018-12-20 00:57:22.510,2018-12-20 00:57:22.510
85,Yanacachi,,2018-12-20 17:55:59.653,2018-12-20 17:55:59.653
86,Hambela,106,2018-12-22 21:37:41.796,2018-12-22 21:37:41.796
87,Rutsiro,140,2019-01-02 18:08:35.711,2019-01-02 18:08:35.711
88,Machado,30,2019-01-03 01:45:28.343,2019-01-03 01:45:28.343
89,Waghi Valley,142,2019-01-04 01:09:09.550,2019-01-04 01:09:09.550
90,Caicedonia,125,2019-01-07 02:31:34.636,2019-01-07 02:31:34.636
91,Chere,,2019-01-07 03:24:32.327,2019-01-07 03:24:32.327
92,Aroresa,,2019-01-07 03:25:00.892,2019-01-07 03:25:00.892
93,Acatenango,145,2019-01-07 03:29:08.522,2019-01-07 03:29:08.522
94,Muranga,,2019-01-12 14:10:07.185,2019-01-12 14:10:07.185
95,Corquín,107,2019-01-12 14:18:12.767,2019-01-12 14:18:12.767
96,Chinacla,103,2019-01-17 02:36:06.333,2019-01-17 02:36:06.333
97,Gedeb,155,2019-01-17 02:47:50.326,2019-01-17 02:47:50.326
98,Tecapa-Chinameca,156,2019-01-17 02:56:59.118,2019-01-17 02:56:59.118
99,Nyamagabe,157,2019-01-19 15:25:32.927,2019-01-19 15:25:32.927
100,Riosucio,48,2019-01-19 15:37:59.439,2019-01-19 15:37:59.439
101,Citalá,114,2019-01-21 00:22:57.665,2019-01-21 00:22:57.665
102,Huabal,158,2019-01-21 01:19:13.089,2019-01-21 01:19:13.089
103,Santa Cruz Xoxocotlán,159,2019-01-21 01:49:22.455,2019-01-21 01:49:22.455
104,San Rafael del Norte,160,2019-01-21 01:55:21.934,2019-01-21 01:55:21.934
105,Rushashi,161,2019-01-22 04:27:14.980,2019-01-22 04:27:14.980
106,Gakenke,161,2019-01-24 02:38:40.068,2019-01-24 02:38:40.068
107,Tana Toraja,166,2019-01-24 21:36:47.103,2019-01-24 21:36:47.103
108,Santa Barbara,72,2019-01-24 21:41:23.378,2019-01-24 21:41:23.378
109,San Pedro Necta,,2019-01-30 14:21:37.689,2019-01-30 14:21:37.689
110,Mwika Kaskazini,168,2019-02-03 16:51:47.163,2019-02-03 16:51:47.163
111,Gomma,73,2019-02-03 17:02:00.834,2019-02-03 17:02:00.834
112,Bura'a District,171,2019-02-11 03:21:12.339,2019-02-11 03:21:12.339
113,Los Cipresales,31,2019-02-13 01:12:00.620,2019-02-13 01:12:00.620
114,Yanatile,173,2019-02-13 01:40:50.970,2019-02-13 01:40:50.970
115,Chinchiná,48,2019-02-13 14:21:12.920,2019-02-13 14:21:12.920
116,Ilamatepec volcano,41,2019-02-22 03:13:56.080,2019-02-22 03:13:56.080
117,Ilamatepec,41,2019-02-24 23:13:37.232,2019-02-24 23:13:37.232
118,Santa Barbara,36,2019-02-25 14:54:02.796,2019-02-25 14:54:02.796
119,Gedeb,97,2019-02-25 17:56:22.215,2019-02-25 17:56:22.215
120,Rulindo District,161,2019-02-26 21:04:27.372,2019-02-26 21:04:27.372
121,El Tablón De Gómez,72,2019-03-02 14:45:34.879,2019-03-02 14:45:34.879
122,Concepcíon,91,2019-03-03 19:09:11.367,2019-03-03 19:09:11.367
123,El Tambo,42,2019-03-04 18:14:09.973,2019-03-04 18:14:09.973
338,Mbozi,100,2019-11-08 21:49:36.774,2019-11-08 21:49:36.774
125,Ancerma,175,2019-03-08 03:37:30.838,2019-03-08 03:37:30.838
126,Kainantu District,176,2019-03-08 04:12:14.515,2019-03-08 04:12:14.515
127,Chuave,178,2019-03-08 13:58:37.880,2019-03-08 13:58:37.880
128,Sierra Madre de Oaxaca,33,2019-03-10 18:56:37.556,2019-03-10 18:56:37.556
129,Ihuamaca,180,2019-03-12 00:44:03.920,2019-03-12 00:44:03.920
130,Campos Altos,30,2019-03-15 00:22:25.573,2019-03-15 00:22:25.573
131,Lintong,130,2019-03-17 15:25:48.208,2019-03-17 15:25:48.208
132,Rio Paranaiba,30,2019-03-18 15:10:51.062,2019-03-18 15:10:51.062
133,Caconde,74,2019-03-18 15:56:02.808,2019-03-18 15:56:02.808
134,Paez,42,2019-03-19 22:18:23.926,2019-03-19 22:18:23.926
135,Peña Blanca,36,2019-03-19 23:57:30.580,2019-03-19 23:57:30.580
136,La Coipa,180,2019-03-20 00:27:13.385,2019-03-20 00:27:13.385
137,Popayan,42,2019-03-20 00:57:10.523,2019-03-20 00:57:10.523
138,Bukeye,167,2019-03-20 23:52:54.512,2019-03-20 23:52:54.512
139,Bensa,184,2019-03-24 02:16:06.625,2019-03-24 02:16:06.625
140,Karaba ,185,2019-03-24 02:39:27.150,2019-03-24 02:39:27.150
141,Gicumbi,161,2019-03-25 03:10:17.025,2019-03-25 03:10:17.025
142,Odo Shakiso,106,2019-03-26 20:17:37.611,2019-03-26 20:17:37.611
143,Poço Fundo,30,2019-03-29 01:01:58.017,2019-03-29 01:01:58.017
144,Aserrí,69,2019-03-29 01:22:38.798,2019-03-29 01:22:38.798
145,Butaganzwa,22,2019-04-01 15:55:59.708,2019-04-01 15:55:59.708
146,Chirinos,180,2019-04-03 18:12:01.844,2019-04-03 18:12:01.844
147,Tangua,72,2019-04-05 18:13:54.253,2019-04-05 18:13:54.253
148,Saraguro Canton,187,2019-04-05 19:24:38.688,2019-04-05 19:24:38.688
149,Chajul,188,2019-04-08 02:13:56.904,2019-04-08 02:13:56.904
150,Obura-Wonenara District,176,2019-04-11 17:56:54.781,2019-04-11 17:56:54.781
151,Huye District,157,2019-04-11 18:14:35.554,2019-04-11 18:14:35.554
152,Nyamasheke district,140,2019-04-11 21:48:09.429,2019-04-11 21:48:09.429
153,Consacá,72,2019-04-11 22:21:27.711,2019-04-11 22:21:27.711
154,Pueblo Nuevo ,,2019-04-12 00:50:54.639,2019-04-12 00:50:54.639
155,Matongo,22,2019-04-12 01:23:46.638,2019-04-12 01:23:46.638
156,Musongati,194,2019-04-12 03:06:25.106,2019-04-12 03:06:25.106
157,Amaro,184,2019-04-12 03:47:00.681,2019-04-12 03:47:00.681
158,Murang'a,200,2019-04-13 00:31:22.834,2019-04-13 00:31:22.834
159,Khawlan Amer,201,2019-04-13 00:47:38.632,2019-04-13 00:47:38.632
160,Cristina,30,2019-04-13 01:11:16.143,2019-04-13 01:11:16.143
161,Gedeb District,97,2019-04-16 19:53:34.499,2019-04-16 19:53:34.499
162,Imués,72,2019-04-16 21:01:26.071,2019-04-16 21:01:26.071
163,San Jose del Alto,158,2019-04-17 02:20:00.516,2019-04-17 02:20:00.516
164,Cerrado,30,2019-04-18 16:36:13.672,2019-04-18 16:36:13.672
165,Nanegal,138,2019-04-19 00:48:38.985,2019-04-19 00:48:38.985
166,Olímpio Noronha,30,2019-04-20 20:25:47.800,2019-04-20 20:25:47.800
167,Bugendana,204,2019-04-21 02:59:01.625,2019-04-21 02:59:01.625
168,Nahualá,206,2019-04-21 20:50:24.291,2019-04-21 20:50:24.291
169,La Plata,11,2019-04-28 23:56:22.761,2019-04-28 23:56:22.761
170,Kochere,210,2019-05-06 19:01:46.606,2019-05-06 19:01:46.606
172,Caranavi,211,2019-05-08 01:03:45.228,2019-05-08 01:03:45.228
173,Pasto,72,2019-05-10 19:11:03.103,2019-05-10 19:11:03.103
174,Colasay,158,2019-05-10 19:21:26.806,2019-05-10 19:21:26.806
175,Piendamó,42,2019-05-13 16:42:13.936,2019-05-13 16:42:13.936
176,Rutsiro,,2019-05-14 15:48:47.921,2019-05-14 15:48:47.921
177,Alto Jequitibá,30,2019-05-15 16:26:50.782,2019-05-15 16:26:50.782
178,Kayanza ,22,2019-05-17 20:38:43.018,2019-05-17 20:38:43.018
179,North Yungas,213,2019-05-28 14:40:02.064,2019-05-28 14:40:02.064
180,San Jose de Lourdes,180,2019-05-28 14:52:50.630,2019-05-28 14:52:50.630
181,Embu North,46,2019-05-28 15:32:18.039,2019-05-28 15:32:18.039
182,Limmu Kossa,214,2019-05-28 18:47:49.063,2019-05-28 18:47:49.063
183,Cahuasquí,215,2019-05-31 18:04:04.397,2019-05-31 18:04:04.397
184,Florida,216,2019-06-04 14:21:38.786,2019-06-04 14:21:38.786
185,Caranavi,213,2019-06-04 14:40:28.036,2019-06-04 14:40:28.036
186,Sierra Nevada Mountain Range,218,2019-06-22 18:58:25.153,2019-06-22 18:58:25.153
187,San José Poaquil,31,2019-06-24 19:27:04.794,2019-06-24 19:27:04.794
188,Kayanza,22,2019-06-28 18:45:03.398,2019-06-28 18:45:03.398
189,Hambela Wamena,106,2019-06-28 19:16:44.669,2019-06-28 19:16:44.669
190,Colombia,11,2019-06-28 20:14:40.414,2019-06-28 20:14:40.414
191,San Augustín,11,2019-06-28 20:52:35.565,2019-06-28 20:52:35.565
192,Sidama,184,2019-06-28 21:09:07.460,2019-06-28 21:09:07.460
193,Ilicínea,30,2019-06-29 21:22:09.337,2019-06-29 21:22:09.337
194,Popayán,42,2019-06-30 01:49:10.695,2019-06-30 01:49:10.695
195,San Fernando,224,2019-06-30 14:43:50.897,2019-06-30 14:43:50.897
196,La Libertad,5,2019-07-01 19:40:13.791,2019-07-01 19:40:13.791
197,Brejetuba,217,2019-07-02 19:17:31.145,2019-07-02 19:17:31.145
198,Santa Teresa De La Convencion ,173,2019-07-05 20:21:16.248,2019-07-05 20:21:16.248
199,San Antonio,71,2019-07-05 22:43:32.866,2019-07-05 22:43:32.866
200,Taypiplaya,211,2019-07-09 19:04:23.793,2019-07-09 19:04:23.793
201,Pedregal,230,2019-07-09 19:40:59.290,2019-07-09 19:40:59.290
202,San Isidro,232,2019-07-15 15:40:38.708,2019-07-15 15:40:38.708
203,Thika,34,2019-07-15 15:45:15.351,2019-07-15 15:45:15.351
204,Palmichal,69,2019-07-15 17:08:18.848,2019-07-15 17:08:18.848
205,Santa Ana,69,2019-07-15 17:21:09.582,2019-07-15 17:21:09.582
206,Palmito Pamba,28,2019-07-15 17:45:23.987,2019-07-15 17:45:23.987
207,Nyabihu,140,2019-07-15 18:13:14.080,2019-07-15 18:13:14.080
208,Suaza,11,2019-07-15 18:18:23.341,2019-07-15 18:18:23.341
209,Kyarumba,234,2019-07-15 23:31:26.838,2019-07-15 23:31:26.838
210,San Fernando,24,2019-07-16 00:49:37.476,2019-07-16 00:49:37.476
211,Bener Meriah,93,2019-07-16 00:54:03.484,2019-07-16 00:54:03.484
212,Bruselas,235,2019-07-16 15:29:30.359,2019-07-16 15:29:30.359
213,Atoyac de Álvarez,241,2019-07-19 20:32:59.946,2019-07-19 20:32:59.946
214,Siltepec,24,2019-07-20 00:40:50.827,2019-07-20 00:40:50.827
215,Mutambu,244,2019-07-23 14:39:32.743,2019-07-23 14:39:32.743
216,La Celia,68,2019-07-25 17:34:00.770,2019-07-25 17:34:00.770
217,Concepción Huista,5,2019-07-25 17:40:22.598,2019-07-25 17:40:22.598
218,Quezaltepeque,116,2019-07-28 16:43:53.575,2019-07-28 16:43:53.575
219,Las Sabanas,108,2019-07-29 01:45:11.301,2019-07-29 01:45:11.301
171,Kochere,97,2019-05-06 19:02:08.844,2019-09-19 16:51:59.791
220,Santa Cruz de Yojoa,182,2019-07-29 02:10:02.103,2019-07-29 02:10:02.103
221,Turrialba,233,2019-07-29 14:38:28.330,2019-07-29 14:38:28.330
222,Huye,157,2019-07-29 15:00:58.988,2019-07-29 15:00:58.988
223,Teoponte,248,2019-07-29 15:15:36.925,2019-07-29 15:15:36.925
224,Haro,,2019-07-30 00:28:03.379,2019-07-30 00:28:03.379
225,Zunilito,250,2019-08-02 16:53:48.489,2019-08-02 16:53:48.489
226,Kochere,155,2019-08-03 17:23:23.955,2019-08-03 17:23:23.955
227,Palencia,251,2019-08-03 20:09:02.460,2019-08-03 20:09:02.460
228,Nova Resende,30,2019-08-05 20:20:00.970,2019-08-05 20:20:00.970
229,Buenavista,120,2019-08-06 17:07:16.632,2019-08-06 17:07:16.632
235,Belén de Umbría,68,2019-08-07 20:37:41.618,2019-08-07 20:37:41.618
236,San Luis,36,2019-08-11 18:42:29.325,2019-08-11 18:42:29.325
237,Palermo,11,2019-08-11 19:15:39.121,2019-08-11 19:15:39.121
238,Cutervo,50,2019-08-11 19:33:57.780,2019-08-11 19:33:57.780
239,San Juan Ozolotepec,33,2019-08-11 19:39:00.375,2019-08-11 19:39:00.375
240,Aceh Tengah,93,2019-08-11 19:53:34.265,2019-08-11 19:53:34.265
241,Quimbaya,120,2019-08-11 20:07:44.360,2019-08-11 20:07:44.360
242,Chiquimulilla,255,2019-08-12 01:02:50.387,2019-08-12 01:02:50.387
243,Heroica Ciudad de Tlaxiaco ,33,2019-08-15 15:42:45.898,2019-08-15 15:42:45.898
244,Hambela Wamena,73,2019-08-18 15:18:08.101,2019-08-18 15:18:08.101
245,San Agustín Loxicha,33,2019-08-20 15:48:38.321,2019-08-20 15:48:38.321
246,Veracruz,107,2019-08-21 19:51:34.433,2019-08-21 19:51:34.433
247,Todos Santos Cuchumatán,5,2019-08-22 16:32:21.358,2019-08-22 16:32:21.358
248,San Pedro,107,2019-08-22 16:43:10.104,2019-08-22 16:43:10.104
249,Cobán,257,2019-08-24 14:55:18.719,2019-08-24 14:55:18.719
250,Gedeb,184,2019-08-25 23:47:26.864,2019-08-25 23:47:26.864
251,Karundu,3,2019-08-27 14:57:30.246,2019-08-27 14:57:30.246
252,Santa Cruz Barillas,5,2019-08-28 00:47:01.580,2019-08-28 00:47:01.580
253,Gedeo,184,2019-08-28 15:22:23.493,2019-08-28 15:22:23.493
254,Unión Juárez,24,2019-08-28 15:34:42.667,2019-08-28 15:34:42.667
255,Gatanga,169,2019-09-04 18:43:20.648,2019-09-04 18:43:20.648
256,Siguatepeque,259,2019-09-04 18:54:35.386,2019-09-04 18:54:35.386
257,Chalchuapa,41,2019-09-04 19:12:47.838,2019-09-04 19:12:47.838
258,Apaneca,112,2019-09-04 19:19:42.661,2019-09-04 19:19:42.661
259,Santa Cruz,260,2019-09-04 20:06:29.000,2019-09-04 20:06:29.000
260,San Ramón,29,2019-09-05 17:32:20.763,2019-09-05 17:32:20.763
261,San Sebastián Coatlán,33,2019-09-08 00:21:55.750,2019-09-08 00:21:55.750
262,Hambela Wamena,99,2019-09-08 00:27:46.397,2019-09-08 00:27:46.397
263,Palmar de Criollo,11,2019-09-08 00:36:32.601,2019-09-08 00:36:32.601
264,Unión Cantinil,5,2019-09-08 16:44:06.200,2019-09-08 16:44:06.200
265,Mathioya,169,2019-09-08 16:56:06.088,2019-09-08 16:56:06.088
266,Masaguara,121,2019-09-10 14:01:43.925,2019-09-10 14:01:43.925
124,Pitalito,11,2019-03-06 22:43:18.780,2019-09-10 14:36:46.905
268,Santa Ana,41,2019-09-10 15:04:51.510,2019-09-10 15:04:51.510
269,La Danta El Rosario,259,2019-09-11 00:49:26.966,2019-09-11 00:49:26.966
270,Carmo do Paranaiba,30,2019-09-11 14:53:07.826,2019-09-11 14:53:07.826
271,Neira,48,2019-09-11 15:01:26.363,2019-09-11 15:01:26.363
273,Manakhah,265,2019-09-12 16:40:48.190,2019-09-12 16:40:48.190
274,Karongi,140,2019-09-12 18:53:14.644,2019-09-12 18:54:19.853
275,El Sauce,266,2019-09-12 19:06:38.644,2019-09-12 19:06:38.644
276,Ocotal,37,2019-09-12 19:22:13.303,2019-09-12 19:22:13.303
277,Aratoca,268,2019-09-16 01:10:00.353,2019-09-16 01:10:00.353
278,Keffa,184,2019-09-17 15:02:22.507,2019-09-17 15:02:22.507
279,Jacaltenango,5,2019-09-17 16:19:10.842,2019-09-17 16:19:10.842
280,Mutunduri,46,2019-09-19 15:37:14.821,2019-09-19 15:37:14.821
281,Armenia,120,2019-09-19 16:29:05.118,2019-09-19 16:29:05.118
282,Nyaruguru,157,2019-09-20 14:26:35.351,2019-09-20 14:26:35.351
283,Mukurweini,3,2019-09-20 14:46:55.514,2019-09-20 14:46:55.514
284,Pegasing,93,2019-09-20 14:52:39.588,2019-09-20 14:52:39.588
285,El Jícaro,61,2019-09-23 16:29:59.831,2019-09-23 16:29:59.831
286,Mathira,3,2019-09-25 15:35:30.921,2019-09-25 15:35:30.921
287,Paksong,274,2019-09-25 18:24:22.677,2019-09-25 18:24:22.677
288,Santa Elena Barillas,,2019-09-25 18:51:41.342,2019-09-25 18:51:41.342
289,Esquipulas,275,2019-09-25 19:31:04.291,2019-09-25 19:31:04.291
290,Garzón,11,2019-10-01 00:46:07.803,2019-10-01 00:46:07.803
291,Gishubi Hill,22,2019-10-01 00:56:07.434,2019-10-01 00:56:07.434
292,Rulindo District,277,2019-10-02 14:44:46.647,2019-10-02 14:44:46.647
293,Chikmagalur,78,2019-10-02 15:02:47.821,2019-10-02 15:02:47.821
294,Guadalupe,278,2019-10-02 15:58:47.623,2019-10-02 15:58:47.623
295,Bukinanyana,192,2019-10-02 16:17:37.116,2019-10-02 16:17:37.116
297,Kochere,184,2019-10-03 00:52:09.691,2019-10-03 00:52:09.691
298,Yirgacheffe,155,2019-10-03 00:54:27.630,2019-10-03 00:54:27.630
299,Quillabamba,174,2019-10-03 01:14:24.237,2019-10-03 01:14:24.237
300,Mbessa,279,2019-10-03 01:22:20.836,2019-10-03 01:22:20.836
301,Costanza,280,2019-10-03 01:25:05.665,2019-10-03 01:25:05.665
302,Santa,,2019-10-03 01:25:25.252,2019-10-03 01:25:25.252
303,Belo,,2019-10-03 01:27:28.822,2019-10-03 01:27:28.822
304,Villa Canales,251,2019-10-04 15:12:51.848,2019-10-04 15:12:51.848
305,La Unión,107,2019-10-04 18:39:31.184,2019-10-04 18:39:31.184
306,San Miguel Dueñas,25,2019-10-04 19:16:23.185,2019-10-04 19:16:23.185
307,Tobitu Tuta,,2019-10-05 18:46:48.726,2019-10-05 18:46:48.726
308,Dambi Udo,106,2019-10-05 19:19:19.459,2019-10-05 19:19:19.459
309,Okapa District,176,2019-10-06 01:12:09.585,2019-10-06 01:12:09.585
310,Santa Maria Yucuhiti,33,2019-10-06 01:32:15.350,2019-10-06 01:32:15.350
311,Bududa District,285,2019-10-06 19:35:02.250,2019-10-06 19:35:02.250
312,Santa Elena,103,2019-10-10 01:32:24.157,2019-10-10 01:32:24.157
313,Tarrazú,69,2019-10-11 14:55:01.983,2019-10-11 14:55:01.983
314,Hambela Wamena,,2019-10-13 19:27:07.465,2019-10-13 19:27:07.465
315,Caparaó,30,2019-10-16 19:03:37.954,2019-10-16 19:03:37.954
316,Zongolica,80,2019-10-16 19:12:38.741,2019-10-16 19:12:38.741
317,Buhinyuza,288,2019-10-16 19:47:16.833,2019-10-16 19:47:16.833
318,Enrekang Regency,166,2019-10-18 16:29:46.262,2019-10-18 16:29:46.262
319,Mamasa,166,2019-10-18 16:30:15.144,2019-10-18 16:30:15.144
320,Guamá,291,2019-10-18 21:20:06.814,2019-10-18 21:20:06.814
321,Baependi,30,2019-10-18 21:25:53.777,2019-10-18 21:25:53.777
323,San Francisco Morazán,114,2019-10-23 01:12:31.914,2019-10-23 01:12:31.914
296,"Menglian Dai, Lahu and Va Autonomous County",128,2019-10-02 19:11:36.727,2019-10-23 14:55:55.519
325,Goma District,94,2019-10-23 15:07:09.072,2019-10-23 15:07:09.072
326,Leon Cortes,294,2019-10-23 15:21:08.637,2019-10-23 15:21:08.637
327,Renacimiento,119,2019-10-23 16:47:54.015,2019-10-23 16:47:54.015
328,Amatenango de la Fronteras,24,2019-10-23 18:28:11.439,2019-10-23 18:28:11.439
329,Ixtlán de Juárez,33,2019-10-25 14:43:50.565,2019-10-25 14:43:50.565
330,Serranía del Perijá,298,2019-10-25 22:04:03.044,2019-10-25 22:04:03.044
331,Nekemte,299,2019-10-25 22:14:52.427,2019-10-25 22:14:52.427
332,Cubulco,300,2019-10-30 15:39:40.463,2019-10-30 15:39:40.463
333,Bonga,303,2019-11-02 19:55:36.496,2019-11-02 19:55:36.496
334,San Marcos,304,2019-11-02 21:10:38.694,2019-11-02 21:10:38.694
335,Doloksanggul,130,2019-11-02 23:41:01.005,2019-11-02 23:41:01.005
336,La Unión,233,2019-11-06 16:24:49.193,2019-11-06 16:24:49.193
337,Tapachula,24,2019-11-08 19:41:24.027,2019-11-08 19:41:24.027
339,Guaxupé,30,2019-11-08 22:06:59.094,2019-11-08 22:06:59.094
340,San Vicente Pacaya,308,2019-11-13 15:51:40.095,2019-11-13 15:51:40.095
341,Goma,94,2019-11-13 16:33:35.721,2019-11-13 16:33:35.721
342,Bandung,309,2019-11-13 18:15:46.790,2019-11-13 18:15:46.790
343,Boquete,312,2019-11-15 19:01:51.049,2019-11-15 19:01:51.049
344,Boquete,119,2019-11-15 19:07:11.346,2019-11-15 19:07:11.346
345,Zarcero,29,2019-11-15 19:12:26.016,2019-11-15 19:12:26.016
346,Bule Hora,315,2019-11-15 20:59:59.229,2019-11-15 20:59:59.229
347,Zaragoza,316,2019-11-16 23:57:15.337,2019-11-16 23:57:15.337
348,Incahuasi,317,2019-11-17 00:47:28.904,2019-11-17 00:47:28.904
349,Mae Sai,254,2019-11-17 02:13:03.296,2019-11-17 02:13:03.296
350,Nueva Santa Rosa,129,2019-11-17 02:58:18.012,2019-11-17 02:58:18.012
351,Piatã,318,2019-11-17 03:04:23.923,2019-11-17 03:04:23.923
352,Chachagüí,72,2019-11-20 15:00:38.375,2019-11-20 15:00:38.375
353,El Coyegual,5,2019-11-20 15:28:28.747,2019-11-20 15:28:28.747
354,Anasora,73,2019-11-20 16:20:47.008,2019-11-20 16:20:47.008
355,Kaguyu,,2019-11-20 20:17:28.247,2019-11-20 20:17:28.247
356,Inoi,,2019-11-20 20:18:59.966,2019-11-20 20:18:59.966
357,Njukiini,,2019-11-20 20:19:55.110,2019-11-20 20:19:55.110
358,Kimunye,,2019-11-20 20:21:03.014,2019-11-20 20:21:03.014
359,Gichugu,,2019-11-20 20:27:13.584,2019-11-20 20:27:13.584
360,Mutira,,2019-11-20 20:30:20.778,2019-11-20 20:30:20.778
361,Kanyekiini,,2019-11-20 20:31:30.823,2019-11-20 20:31:30.823
362,Muchagara,,2019-11-20 20:32:52.880,2019-11-20 20:32:52.880
363,Neira,175,2019-11-21 00:59:34.235,2019-11-21 00:59:34.235
364,San Francisco de Opalaca,121,2019-11-22 15:45:57.022,2019-11-22 15:45:57.022
365,San Cristóbal Verapaz,257,2019-11-22 15:56:18.538,2019-11-22 15:56:18.538
366,San Agustín Acasaguastlán,61,2019-11-22 17:10:34.461,2019-11-22 17:10:34.461
367,Mount Kerinci,324,2019-11-22 17:18:55.149,2019-11-22 17:18:55.149
368,Nyamasheke,140,2019-11-22 18:48:29.800,2019-11-22 18:48:29.800
369,Tingo,325,2019-11-22 18:57:55.674,2019-11-22 18:57:55.674
370,Axocuapan,327,2019-12-01 19:06:22.226,2019-12-01 19:06:22.226
371,Shakiso,,2019-12-01 20:12:00.337,2019-12-01 20:12:00.337
372,San Juan La Laguna,313,2019-12-01 20:30:33.739,2019-12-01 20:30:33.739
373,Tabaconas,180,2019-12-04 17:19:00.927,2019-12-04 17:19:00.927
374,São João del Rei,30,2019-12-04 17:33:21.508,2019-12-04 17:33:21.508
375,Argelia,42,2019-12-04 18:08:25.500,2019-12-04 18:08:25.500
376,Tesalia,11,2019-12-04 19:37:03.666,2019-12-04 19:37:03.666
377,Espera Feliz,30,2019-12-05 03:20:36.060,2019-12-05 03:20:36.060
378,Anzoátegui,71,2019-12-06 15:30:03.048,2019-12-06 15:30:03.048
379,Olopa,275,2019-12-06 18:39:50.961,2019-12-06 18:39:50.961
380,Camotan,275,2019-12-06 18:40:24.187,2019-12-06 18:40:24.187
381,Kerinci,331,2019-12-06 19:51:36.647,2019-12-06 19:51:36.647
382,San Luis,71,2019-12-06 20:28:10.251,2019-12-06 20:28:10.251
383,Acatenango,31,2019-12-11 16:09:13.982,2019-12-11 16:09:13.982
384,Eloxochitlán de Flores Magón,33,2019-12-11 16:14:13.212,2019-12-11 16:14:13.212
385,Sindangkerta,334,2019-12-11 22:01:47.119,2019-12-11 22:01:47.119
386,Ibun,335,2019-12-11 22:10:48.283,2019-12-11 22:10:48.283
387,El Selguapa,259,2019-12-12 02:32:05.164,2019-12-12 02:32:05.164
388,Flores,336,2019-12-13 21:16:03.810,2019-12-13 21:16:03.810
389,Santa María,11,2019-12-13 21:29:23.063,2019-12-13 21:29:23.063
390,Rushashi,337,2019-12-13 21:35:50.442,2019-12-13 21:35:50.442
391,Murang'a ,338,2019-12-15 21:56:36.635,2019-12-15 21:56:36.635
392,Silvania,67,2019-12-18 14:59:01.557,2019-12-18 14:59:01.557
393,San Ignacio,114,2019-12-18 15:30:27.277,2019-12-18 15:30:27.277
394,Caldono,42,2019-12-18 16:02:07.803,2019-12-18 16:02:07.803
395,Wonsho,181,2019-12-18 18:20:26.781,2019-12-18 18:20:26.781
396,Kercha,73,2019-12-19 15:24:25.313,2019-12-19 15:24:25.313
397,Belén,107,2019-12-19 15:37:14.250,2019-12-19 15:37:14.250
398,San Antonio Huista,5,2019-12-19 16:11:15.158,2019-12-19 16:11:15.158
399,Hawai'i,345,2019-12-27 23:49:07.617,2019-12-27 23:49:07.617
400,Kahuhia,347,2020-01-01 20:27:31.004,2020-01-01 20:27:31.004
401,Berlín,69,2020-01-01 20:47:25.514,2020-01-01 20:47:25.514
402,Los Ocotes,,2020-01-03 01:25:49.597,2020-01-03 01:25:49.597
403,Mercedes,91,2020-01-03 16:50:19.818,2020-01-03 16:50:19.818
404,Bubulo,320,2020-01-03 16:57:38.148,2020-01-03 16:57:38.148
405,Wadi Mahyad,348,2020-01-03 17:30:57.157,2020-01-03 17:30:57.157
406,Taunggyi,102,2020-01-04 01:58:44.501,2020-01-04 01:58:44.501
407,Ywangan,349,2020-01-04 01:59:11.849,2020-01-04 01:59:11.849
408,Lares,350,2020-01-04 19:12:49.946,2020-01-04 19:12:49.946
409,San Jose Pinula,351,2020-01-14 18:01:16.471,2020-01-14 18:01:16.471
410,Sheka Zone,184,2020-01-14 18:12:20.539,2020-01-14 18:12:20.539
411,Dara,184,2020-01-14 18:24:34.176,2020-01-14 18:24:34.176
412,Mazabuka,352,2020-01-14 19:01:26.550,2020-01-14 19:01:26.550
413,Jagong Jeget,356,2020-01-15 20:06:52.064,2020-01-15 20:06:52.064
414,Mengla,357,2020-01-15 21:28:58.113,2020-01-15 21:28:58.113
415,Gunung Tujuh,331,2020-01-16 19:59:54.512,2020-01-16 19:59:54.512
416,Yamón,359,2020-01-16 20:34:23.917,2020-01-16 20:34:23.917
417,Alto Inambari,40,2020-01-16 20:44:50.968,2020-01-16 20:44:50.968
418,Bajo Tunkimayo,,2020-01-16 20:48:10.840,2020-01-16 20:48:10.840
419,Soacha,67,2020-01-17 18:35:00.718,2020-01-17 18:35:00.718
420,Cianda,34,2020-01-17 18:51:14.274,2020-01-17 18:51:14.274
421,Roldanillo,125,2020-01-17 20:55:13.228,2020-01-17 20:55:13.228
422,Rio Negro,137,2020-01-17 22:38:08.847,2020-01-17 22:38:08.847
423,Anfillo,361,2020-01-17 22:51:24.151,2020-01-17 22:51:24.151
424,Gatsibo District,362,2020-03-30 22:01:53.352,2020-03-30 22:01:53.352
425,Tolima,,2020-03-30 22:11:55.810,2020-03-30 22:11:55.810
426,Kalehe,127,2020-04-07 01:16:02.548,2020-04-07 01:16:02.548
427,Tenejapa,24,2020-04-13 19:46:49.803,2020-04-13 19:46:49.803
428,Morales,42,2020-04-14 16:53:23.512,2020-04-14 16:53:23.512
429,Orosi,365,2020-04-15 19:20:19.304,2020-04-15 19:20:19.304
430,Desamparados,69,2020-04-15 20:10:49.447,2020-04-15 20:10:49.447
431,Rutsiro District,367,2020-04-17 17:35:54.054,2020-04-17 17:35:54.054
432,San Miguel de Selguapa,259,2020-04-17 17:38:14.657,2020-04-17 17:38:14.657
433,San Andrés,368,2020-04-17 17:40:33.581,2020-04-17 17:40:33.581
434,Maria da Fé,30,2020-04-19 16:44:01.723,2020-04-19 16:44:01.723
435,Limmu,214,2020-04-21 16:44:12.793,2020-04-21 16:44:12.793
436,Blue Mountains,369,2020-04-21 16:49:05.068,2020-04-21 16:49:05.068
437,Serra Negra,,2020-04-21 16:55:33.644,2020-04-21 16:55:33.644
438,Harar,371,2020-04-29 00:36:57.027,2020-04-29 00:36:57.027
439,Serra do Salitre,30,2020-04-29 01:13:53.477,2020-04-29 01:13:53.477
440,Moyuta,226,2020-04-29 14:50:03.499,2020-04-29 14:50:03.499
441,Gitega,204,2020-04-29 16:59:16.804,2020-04-29 16:59:16.804
442,Chire Aroresa,106,2020-04-29 17:25:14.220,2020-04-29 17:25:14.220
443,El Congo,41,2020-05-04 00:42:19.382,2020-05-04 00:42:19.382
444,Juayúa,123,2020-05-11 01:07:39.378,2020-05-11 01:07:39.378
445,Luisborgo,30,2020-05-12 23:11:41.934,2020-05-12 23:11:41.934
446,Al Qafr,373,2020-05-12 23:45:12.017,2020-05-12 23:45:12.017
447,San Agustin,11,2020-05-13 14:41:37.126,2020-05-13 14:41:37.126
448,Gashikanwa,10,2020-05-13 15:16:06.644,2020-05-13 15:16:06.644
449,Tres Ponras,30,2020-05-13 15:38:55.667,2020-05-13 15:38:55.667
450,Tres Pontas,30,2020-05-13 15:39:11.400,2020-05-13 15:39:11.400
451,Florida,125,2020-05-15 20:37:57.251,2020-05-15 20:37:57.251
452,Toribío,42,2020-05-15 20:38:41.311,2020-05-15 20:38:41.311
453,Rusizi District,140,2020-05-15 21:02:06.920,2020-05-15 21:02:06.920
454,Yanahuaya,40,2020-05-19 20:18:02.745,2020-05-19 20:18:02.745
455,Pluma,33,2020-05-26 19:16:15.082,2020-05-26 19:16:15.082
456,Bolivar,56,2020-05-27 14:23:11.078,2020-05-27 14:23:11.078
457,Lambari,30,2020-05-27 14:55:40.307,2020-05-27 14:55:40.307
458,Flores,375,2020-05-29 16:36:19.390,2020-05-29 16:36:19.390
459,Bensa District,376,2020-05-31 20:47:34.025,2020-05-31 20:47:34.025
460,Manizales,48,2020-06-10 17:37:28.615,2020-06-10 17:37:28.615
461,Paidha,381,2020-06-10 17:57:31.231,2020-06-10 17:57:31.231
462,Yambrasbamba,382,2020-06-10 18:15:18.474,2020-06-10 18:15:18.474
463,Moshi,384,2020-06-10 19:34:49.591,2020-06-10 19:34:49.591
464,São Sebastião do Paraíso,30,2020-06-10 20:10:46.903,2020-06-10 20:10:46.903
465,Patrocínio,30,2020-06-17 19:25:59.562,2020-06-17 19:25:59.562
466,Santo Domingo Teojomulco,33,2020-06-22 21:59:34.847,2020-06-22 21:59:34.847
467,Guji Zone,99,2020-09-12 22:36:44.094,2020-09-12 22:36:44.094
468,Segualpa,259,2020-12-07 00:01:06.278,2020-12-07 00:01:06.278
